"time","close","high","low","open","volumefrom","volumeto"
"2014-02-07",0.07,0.07,0.05,0.05,427.45,29.37
"2014-02-08",0.1,0.1,0.07,0.07,9.1,0.9101
"2014-02-09",0.1,0.1,0.1,0.1,0,0
"2014-02-10",0.1,0.1,0.1,0.1,0,0
"2014-02-11",0.1,0.1,0.1,0.1,0,0
"2014-02-12",0.25,0.25,0.1,0.1,200,50
"2014-02-13",0.25,0.25,0.25,0.25,0,0
"2014-02-14",0.25,0.25,0.25,0.25,0,0
"2014-02-15",0.32,0.33,0.25,0.25,7.1,2.3
"2014-02-16",100,100,0.099,0.32,5.14,1.02
"2014-02-17",100,100,100,100,0,0
"2014-02-18",0.9,100,0.9,100,0.76,0.69
"2014-02-19",1.2,2,0.9,0.9,23.25,33.76
"2014-02-20",1.25,1.3,1.08,1.2,12.45,14.16
"2014-02-21",0.103,1.25,0.103,1.25,43.45,7.73
"2014-02-22",1,1.26,0.103,0.103,32.21,37.9
"2014-02-23",1.3,1.3,1,1,2.34,3.05
"2014-02-24",0.8,1.3,0.8,1.3,63.21,50.57
"2014-02-25",1.5,1.5,0.03,0.8,1.4,1.95
"2014-02-26",1.5,1.5,1.5,1.5,0,0
"2014-02-27",1.5,1.5,1.5,1.5,0,0
"2014-02-28",1.5,1.5,1.5,1.5,0,0
"2014-03-01",0.9,1.5,0.8,1.5,21.49,18.87
"2014-03-02",0.9,1,0.89,0.9,8.93,8.19
"2014-03-03",0.8,0.9,0.8,0.9,6.2,5.29
"2014-03-04",0.8,0.8,0.8,0.8,0,0
"2014-03-05",0.8,0.8,0.8,0.8,0,0
"2014-03-06",0.8,0.8,0.8,0.8,0,0
"2014-03-07",0.8,0.8,0.8,0.8,0,0
"2014-03-08",0.8,0.8,0.8,0.8,0,0
"2014-03-09",0.8,0.8,0.8,0.8,0,0
"2014-03-10",0.8,0.8,0.8,0.8,0,0
"2014-03-11",0.8,0.8,0.8,0.8,0,0
"2014-03-12",0.79,1,0.79,0.8,10.59,8.58
"2014-03-13",0.79,0.79,0.79,0.79,0,0
"2014-03-14",0.79,0.79,0.79,0.79,0,0
"2014-03-15",0.79,0.79,0.79,0.79,0.5053,0.3992
"2014-03-16",0.79,0.79,0.79,0.79,0.001,0.00079
"2014-03-17",0.79,0.79,0.79,0.79,0,0
"2014-03-18",0.79,0.79,0.79,0.79,0,0
"2014-03-19",0.79,0.79,0.79,0.79,0,0
"2014-03-20",0.79,0.79,0.79,0.79,0,0
"2014-03-21",0.79,0.79,0.79,0.79,0,0
"2014-03-22",0.7,0.79,0.7,0.79,1.91,1.34
"2014-03-23",0.78,0.78,0.7,0.7,5.78,4.43
"2014-03-24",0.78,0.78,0.78,0.78,2.22,1.73
"2014-03-25",0.78,0.78,0.78,0.78,0,0
"2014-03-26",0.78,0.78,0.78,0.78,0,0
"2014-03-27",0.78,0.78,0.78,0.78,0,0
"2014-03-28",0.7,0.78,0.7,0.78,0.0114,0.007977
"2014-03-29",0.7,0.7,0.7,0.7,0,0
"2014-03-30",0.7,0.7,0.7,0.7,0,0
"2014-03-31",0.7,0.7,0.7,0.7,0,0
"2014-04-01",0.7,0.7,0.7,0.7,0,0
"2014-04-02",0.7,0.7,0.7,0.7,0,0
"2014-04-03",0.7,0.7,0.7,0.7,0,0
"2014-04-04",0.7,0.7,0.7,0.7,0,0
"2014-04-05",0.7,0.7,0.7,0.7,0,0
"2014-04-06",0.7,0.7,0.7,0.7,0,0
"2014-04-07",0.7,0.7,0.7,0.7,0,0
"2014-04-08",0.7,0.7,0.7,0.7,0,0
"2014-04-09",0.7,0.7,0.7,0.7,0,0
"2014-04-10",0.56,0.7,0.56,0.7,4,2.24
"2014-04-11",0.56,0.56,0.56,0.56,0,0
"2014-04-12",0.56,0.56,0.56,0.56,0,0
"2014-04-13",0.58,0.58,0.56,0.56,0.000998,0.0005788
"2014-04-14",0.011,0.6,0.011,0.58,15.48,8.78
"2014-04-15",0.011,0.011,0.011,0.011,0,0
"2014-04-16",0.65,0.65,0.011,0.011,1,0.65
"2014-04-17",0.65,0.65,0.65,0.65,0,0
"2014-04-18",0.7,0.74,0.65,0.65,1.09,0.7669
"2014-04-19",0.7,0.7,0.7,0.7,0,0
"2014-04-20",0.7,0.7,0.7,0.7,0,0
"2014-04-21",0.7,0.7,0.7,0.7,0,0
"2014-04-22",0.8,0.801,0.7,0.7,481.06,384.61
"2014-04-23",0.9,0.9,0.78,0.8,26.87,23.74
"2014-04-24",1.2,1.72,0.9,0.9,44.12,66.61
"2014-04-25",2,2.5,1.2,1.2,65.85,130.61
"2014-04-26",2,2,1.7,2,25.11,47.82
"2014-04-27",2,2,2,2,0,0
"2014-04-28",1.45,2,1.45,2,25.5,39.42
"2014-04-29",1.5,1.5,1.45,1.45,0.5207,0.781
"2014-04-30",1.5,1.5,1.5,1.5,0,0
"2014-05-01",1.4,1.5,1.4,1.5,1.13,1.58
"2014-05-02",1.4,1.4,1.4,1.4,0,0
"2014-05-03",1.52,1.65,1.4,1.4,6.5,10.03
"2014-05-04",1.6,1.68,1.52,1.52,4.57,7.4
"2014-05-05",1.6,1.6,1.55,1.6,4.5,7.15
"2014-05-06",1.64,1.66,1.6,1.6,4.84,7.98
"2014-05-07",1.64,1.64,1.64,1.64,0,0
"2014-05-08",2.25,2.25,1.64,1.64,13.06,25.3
"2014-05-09",2.25,2.25,2.25,2.25,0.8906,2
"2014-05-10",2.35,2.35,2.2,2.25,0.165,0.3653
"2014-05-11",2.35,2.35,2,2.35,0.00309,0.006456
"2014-05-12",2.35,2.35,2,2.35,432.01,1015.21
"2014-05-13",3.1,3.5,2.35,2.35,320.38,873.77
"2014-05-14",6,7.5,3.1,3.1,255.8,838.07
"2014-05-15",6,6,6,6,0.000313,0.001878
"2014-05-16",5,6,5,6,3,15.8
"2014-05-17",6,6,5,5,40,240
"2014-05-18",6,6,5.7,6,61.1,366.47
"2014-05-19",7,7,6,6,4.69,31.44
"2014-05-20",7.5,7.5,6.65,7,5.77,43.02
"2014-05-21",18,18,7.5,7.5,0.002658,0.04785
"2014-05-22",18,18,7,18,0.04196,0.4385
"2014-05-23",18,18,17,18,0.8247,14.54
"2014-05-24",16,18,16,18,0.0002818,0.004509
"2014-05-25",16,16,12,16,357.62,5492.94
"2014-05-26",15.99,16,10,16,4.35,43.48
"2014-05-27",8.1,15.99,8.1,15.99,3.02,24.48
"2014-05-28",8.1,8.1,8.1,8.1,27.27,220.92
"2014-05-29",13,13,8.1,8.1,0.6061,7.88
"2014-05-30",13,15,13,13,25.77,334.95
"2014-05-31",11,13,11,13,12.41,160.47
"2014-06-01",15.5,15.5,11,11,0.3466,4.98
"2014-06-02",15.49,15.5,15.4,15.5,1.05,16.23
"2014-06-03",15.49,15.49,12,15.49,2.15,29.25
"2014-06-04",12,15.49,12,15.49,2.19,26.62
"2014-06-05",12,12,12,12,19.22,230.68
"2014-06-06",12,12,12,12,17.7,212.36
"2014-06-07",5,12,5,12,2.46,22.41
"2014-06-08",5,5,5,5,0,0
"2014-06-09",5,5,5,5,0,0
"2014-06-10",5,5,5,5,0,0
"2014-06-11",15,15,5,5,2.09,31.41
"2014-06-12",15,15,15,15,0,0
"2014-06-13",15,15,15,15,0,0
"2014-06-14",12,15,12,15,0.07773,0.9328
"2014-06-15",9.1,12,9.1,12,1,9.1
"2014-06-16",9.1,9.1,9.1,9.1,0,0
"2014-06-17",9.1,9.1,9.1,9.1,0,0
"2014-06-18",9.1,9.1,9.1,9.1,0,0
"2014-06-19",15,15,9.1,9.1,0.1933,2.9
"2014-06-20",12,15,12,15,5,60
"2014-06-21",14.99,14.99,5,12,0.2176,2.17
"2014-06-22",14.99,14.99,14.99,14.99,0,0
"2014-06-23",14.99,14.99,14.99,14.99,0,0
"2014-06-24",14.99,14.99,14.99,14.99,0,0
"2014-06-25",14.99,14.99,14.99,14.99,0,0
"2014-06-26",8.5,14.99,8.5,14.99,0.3,2.55
"2014-06-27",8.5,8.5,8.5,8.5,0,0
"2014-06-28",8.5,8.5,8.5,8.5,0,0
"2014-06-29",8.5,8.5,8.5,8.5,0,0
"2014-06-30",8.5,8.5,8.5,8.5,0,0
"2014-07-01",8.5,8.5,8.5,8.5,0,0
"2014-07-02",8.5,8.5,8.5,8.5,0,0
"2014-07-03",8.5,8.5,8.5,8.5,0,0
"2014-07-04",8.5,8.5,8.5,8.5,0,0
"2014-07-05",10,10,8,8.5,10.56,96.5
"2014-07-06",6.1,10,6.1,10,0.997,6.08
"2014-07-07",6.1,6.1,6.1,6.1,0,0
"2014-07-08",6.1,6.1,6.1,6.1,0,0
"2014-07-09",6.1,6.1,6.1,6.1,0,0
"2014-07-10",6.1,6.1,6.1,6.1,0,0
"2014-07-11",6.1,6.1,6.1,6.1,0,0
"2014-07-12",6.1,6.1,6.1,6.1,0,0
"2014-07-13",6.1,6.1,6.1,6.1,0,0
"2014-07-14",6.1,6.1,6.1,6.1,0,0
"2014-07-15",6.1,6.1,6.1,6.1,0,0
"2014-07-16",6.1,6.1,6.1,6.1,0,0
"2014-07-17",6.1,6.1,6.1,6.1,0,0
"2014-07-18",7,7,6.1,6.1,0.1751,1.23
"2014-07-19",7,7,7,7,0,0
"2014-07-20",7,7,7,7,0,0
"2014-07-21",7,7,7,7,0,0
"2014-07-22",7,7,7,7,0,0
"2014-07-23",7,7,7,7,0,0
"2014-07-24",7,7,7,7,0,0
"2014-07-25",6,7,6,7,2,12
"2014-07-26",6,6,6,6,0,0
"2014-07-27",6,6,6,6,0,0
"2014-07-28",6,6,6,6,0.0003248,0.001949
"2014-07-29",6,6,6,6,0,0
"2014-07-30",6,6,6,6,0,0
"2014-07-31",6,6,6,6,0,0
"2014-08-01",6,6,6,6,0,0
"2014-08-02",6,6,6,6,0,0
"2014-08-03",4,6,4,6,3,12
"2014-08-04",4,4,4,4,0,0
"2014-08-05",4,4,4,4,0,0
"2014-08-06",4,4,4,4,0,0
"2014-08-07",4,4,4,4,0,0
"2014-08-08",4,4,4,4,0,0
"2014-08-09",4,4,4,4,0,0
"2014-08-10",7,7,4,4,0.0073,0.0511
"2014-08-11",7,7,7,7,0,0
"2014-08-12",7,7,7,7,0,0
"2014-08-13",7,7,7,7,0,0
"2014-08-14",4.21,7,4.21,7,0.4264,1.8
"2014-08-15",4.21,4.21,4.21,4.21,0.01087,0.04579
"2014-08-16",4.21,4.21,4.21,4.21,0,0
"2014-08-17",4.21,4.21,4.21,4.21,0,0
"2014-08-18",4.21,4.21,4.21,4.21,0,0
"2014-08-19",4.21,4.21,4.21,4.21,0,0
"2014-08-20",4.21,4.21,4.21,4.21,0,0
"2014-08-21",1,4.21,1,4.21,0.2568,0.2568
"2014-08-22",1,1,1,1,0,0
"2014-08-23",1,1,1,1,0,0
"2014-08-24",1,1,1,1,0,0
"2014-08-25",1,1,1,1,0,0
"2014-08-26",1,1,1,1,0,0
"2014-08-27",1,1,1,1,0,0
"2014-08-28",1,1,1,1,0,0
"2014-08-29",1,1,1,1,0,0
"2014-08-30",1,1,1,1,0,0
"2014-08-31",1,1,1,1,0,0
"2014-09-01",1,1,1,1,0,0
"2014-09-02",1,1,1,1,0,0
"2014-09-03",1,1,1,1,0,0
"2014-09-04",1,1,1,1,0,0
"2014-09-05",1,1,1,1,0,0
"2014-09-06",1,1,1,1,0,0
"2014-09-07",1,1,1,1,0,0
"2014-09-08",1,1,1,1,0,0
"2014-09-09",1,1,1,1,0,0
"2014-09-10",1,1,1,1,0,0
"2014-09-11",4.4,4.4,1,1,0.2277,1
"2014-09-12",1.01,4.4,1.01,4.4,0.0001164,0.0001176
"2014-09-13",4.4,4.4,1.01,1.01,0.136,0.273
"2014-09-14",4.4,4.4,4.4,4.4,0,0
"2014-09-15",4.4,4.4,4.4,4.4,0,0
"2014-09-16",4.4,4.4,4.4,4.4,0,0
"2014-09-17",4.4,4.4,4.4,4.4,0,0
"2014-09-18",4.4,4.4,4.4,4.4,0,0
"2014-09-19",4.4,4.4,4.4,4.4,0,0
"2014-09-20",4.4,4.4,4.4,4.4,0,0
"2014-09-21",4.4,4.4,4.4,4.4,0,0
"2014-09-22",4.09,4.4,1,4.4,0.0112,0.01267
"2014-09-23",2,4.09,2,4.09,0.0002,0.0004004
"2014-09-24",4.39,4.39,2,2,0.7755,3.19
"2014-09-25",4.39,4.39,4.39,4.39,0,0
"2014-09-26",4.39,4.39,4.39,4.39,0,0
"2014-09-27",4.39,4.39,4.39,4.39,0,0
"2014-09-28",4.39,4.39,4.39,4.39,0,0
"2014-09-29",4.39,4.39,4.39,4.39,0,0
"2014-09-30",1,4.39,1,4.39,0.0051,0.00511
"2014-10-01",1,1,1,1,0,0
"2014-10-02",1,1,1,1,0,0
"2014-10-03",1,1,1,1,0,0
"2014-10-04",1,1,1,1,0.0009075,0.0009093
"2014-10-05",1,1,1,1,0,0
"2014-10-06",1,1,1,1,0,0
"2014-10-07",1,1,1,1,0.0008544,0.0008561
"2014-10-08",1,1,1,1,0,0
"2014-10-09",1,1,1,1,0,0
"2014-10-10",1,1,1,1,0,0
"2014-10-11",3.85,3.85,1,1,1.91,1.94
"2014-10-12",3.85,3.85,3.85,3.85,0,0
"2014-10-13",3.85,3.85,3.85,3.85,0,0
"2014-10-14",3.85,3.85,3.85,3.85,0,0
"2014-10-15",3.85,3.85,3.85,3.85,0,0
"2014-10-16",3.85,3.85,3.85,3.85,0,0
"2014-10-17",3.85,3.85,3.85,3.85,0,0
"2014-10-18",3.85,3.85,3.85,3.85,0,0
"2014-10-19",3.85,3.85,3.85,3.85,0,0
"2014-10-20",3.85,3.85,3.85,3.85,0,0
"2014-10-21",3.85,3.85,3.85,3.85,0,0
"2014-10-22",3.85,3.85,3.85,3.85,0,0
"2014-10-23",3.85,3.85,3.85,3.85,0,0
"2014-10-24",3.85,3.85,3.85,3.85,0,0
"2014-10-25",3.85,3.85,3.85,3.85,0,0
"2014-10-26",3.85,3.85,3.85,3.85,0,0
"2014-10-27",3.85,3.85,3.85,3.85,0,0
"2014-10-28",3.85,3.85,3.85,3.85,0,0
"2014-10-29",3.85,3.85,3.85,3.85,0,0
"2014-10-30",3.85,3.85,3.85,3.85,0,0
"2014-10-31",3.85,3.85,3.85,3.85,0,0
"2014-11-01",3.85,3.85,3.85,3.85,0,0
"2014-11-02",3.85,3.85,3.85,3.85,0,0
"2014-11-03",3.85,3.85,3.85,3.85,0,0
"2014-11-04",3.85,3.85,3.85,3.85,0,0
"2014-11-05",1,3.85,1,3.85,0.0007535,0.000755
"2014-11-06",4,4,1,1,16.16,63.86
"2014-11-07",4,4,4,4,0,0
"2014-11-08",4,4,4,4,0,0
"2014-11-09",4,4,4,4,0,0
"2014-11-10",4,4,4,4,0,0
"2014-11-11",4,4,4,4,0,0
"2014-11-12",1,4,1,4,0.001227,0.001229
"2014-11-13",1,1,1,1,0,0
"2014-11-14",1,1,1,1,0,0
"2014-11-15",1,1,1,1,0,0
"2014-11-16",1,1,1,1,0,0
"2014-11-17",1,1,1,1,0,0
"2014-11-18",1,1,1,1,0,0
"2014-11-19",1,1,1,1,0,0
"2014-11-20",1,1,1,1,0,0
"2014-11-21",1,1,1,1,0,0
"2014-11-22",1,1,1,1,0.006214,0.006227
"2014-11-23",1,1,1,1,0,0
"2014-11-24",1,1,1,1,0,0
"2014-11-25",2.5,2.5,1,1,0.01446,0.03615
"2014-11-26",2.5,2.5,2.5,2.5,0,0
"2014-11-27",2,2.5,1,2.5,0.02571,0.06257
"2014-11-28",2,2,2,2,0,0
"2014-11-29",2,2,2,2,0,0
"2014-11-30",2.4,2.4,2,2,2.03,4.87
"2014-12-01",2.5,2.5,2.4,2.4,0.8327,2.08
"2014-12-02",2.5,2.5,2.5,2.5,0,0
"2014-12-03",2.5,2.5,2.5,2.5,0,0
"2014-12-04",2.5,2.5,2.5,2.5,0,0
"2014-12-05",2.5,2.5,2.5,2.5,0,0
"2014-12-06",2.5,2.5,2.5,2.5,0,0
"2014-12-07",2.5,2.5,2.5,2.5,0,0
"2014-12-08",2.5,2.5,2.5,2.5,0,0
"2014-12-09",2.5,2.5,2.5,2.5,0,0
"2014-12-10",2.5,2.5,2.5,2.5,0,0
"2014-12-11",2.5,2.5,2.5,2.5,0,0
"2014-12-12",2.5,2.5,2.5,2.5,0,0
"2014-12-13",2.5,2.5,2.5,2.5,0,0
"2014-12-14",2.5,2.5,2.5,2.5,0,0
"2014-12-15",1.6,2.5,1.6,2.5,0.0006312,0.00101
"2014-12-16",1.6,1.6,1.6,1.6,0,0
"2014-12-17",1.6,1.6,1.6,1.6,0,0
"2014-12-18",1.6,1.6,1.6,1.6,0,0
"2014-12-19",1.6,1.6,1.6,1.6,0,0
"2014-12-20",1.6,1.6,1.6,1.6,0.02773,0.04436
"2014-12-21",1.6,1.6,1.6,1.6,0.002299,0.003679
"2014-12-22",1.6,1.6,1.6,1.6,0,0
"2014-12-23",1.6,1.6,1.6,1.6,0,0
"2014-12-24",1.6,1.6,1.6,1.6,0,0
"2014-12-25",1.99,1.99,1.6,1.6,0.08332,0.1658
"2014-12-26",1.65,1.99,1.65,1.99,0.01018,0.01693
"2014-12-27",1.65,1.65,1.65,1.65,0,0
"2014-12-28",1.65,1.65,1.65,1.65,0,0
"2014-12-29",1.65,1.65,1.65,1.65,0,0
"2014-12-30",1.6,1.65,1.6,1.65,0.0001,0.00016
"2014-12-31",1.6,1.6,1.6,1.6,0,0
"2015-01-01",1.72,1.72,1.6,1.6,0.008066,0.01387
"2015-01-02",1.72,1.72,1.72,1.72,0,0
"2015-01-03",1.72,1.72,1.72,1.72,2.99,5.14
"2015-01-04",1.6,1.72,1.6,1.72,0.01572,0.02554
"2015-01-05",1.6,1.6,1.6,1.6,0,0
"2015-01-06",1.6,1.6,1.6,1.6,0,0
"2015-01-07",1.6,1.6,1.6,1.6,0,0
"2015-01-08",1.6,1.6,1.6,1.6,0,0
"2015-01-09",1.6,1.6,1.6,1.6,0,0
"2015-01-10",1.5,1.96,1.5,1.6,0.2281,0.355
"2015-01-11",1.5,1.5,1.5,1.5,0,0
"2015-01-12",1.5,1.5,1.5,1.5,0.1671,0.2506
"2015-01-13",1.5,1.5,1.5,1.5,0.6327,0.949
"2015-01-14",1.5,1.5,1.5,1.5,0,0
"2015-01-15",1.5,1.5,1.5,1.5,0,0
"2015-01-16",1.5,1.5,1.5,1.5,0,0
"2015-01-17",1.5,1.5,1.5,1.5,0,0
"2015-01-18",1.5,1.5,1.5,1.5,0,0
"2015-01-19",1.5,1.5,1.5,1.5,0,0
"2015-01-20",1.11,1.5,1.11,1.5,0.007493,0.008317
"2015-01-21",1.11,1.11,1.11,1.11,0,0
"2015-01-22",1.11,1.11,1.11,1.11,0.002128,0.002362
"2015-01-23",1.11,1.11,1.11,1.11,0,0
"2015-01-24",1.8,1.8,1.11,1.11,0.8422,1.52
"2015-01-25",1.8,1.8,1.8,1.8,0,0
"2015-01-26",1.8,1.8,1.8,1.8,0,0
"2015-01-27",1.9,1.9,1.8,1.8,0.004252,0.008078
"2015-01-28",1.9,1.9,1.9,1.9,0.02064,0.03922
"2015-01-29",1.9,1.9,1.33,1.9,0.02164,0.03843
"2015-01-30",1.9,1.9,1.9,1.9,0.05439,0.1033
"2015-01-31",1.9,1.9,1.9,1.9,0.01452,0.02759
"2015-02-01",1.9,1.9,1.9,1.9,0,0
"2015-02-02",1.9,1.9,1.9,1.9,0,0
"2015-02-03",1.33,1.9,1.33,1.9,0.002025,0.002693
"2015-02-04",1.89,1.96,1.33,1.33,3.11,6.01
"2015-02-05",1.89,1.89,1.89,1.89,0.001739,0.003287
"2015-02-06",2,2,1.33,1.89,0.0047,0.00873
"2015-02-07",2,2,2,2,0,0
"2015-02-08",2,2,1.55,2,2.99,5.97
"2015-02-09",2,2,2,2,0,0
"2015-02-10",2.7,2.88,2,2,1.2,3.02
"2015-02-11",2.7,2.7,2.7,2.7,0,0
"2015-02-12",2.7,2.7,2.7,2.7,0,0
"2015-02-13",1.7,2.7,1.7,2.7,0.0056,0.00952
"2015-02-14",1.7,1.7,1.7,1.7,0.001222,0.002077
"2015-02-15",1.7,2,1.7,1.7,0.001866,0.003227
"2015-02-16",10,10,2.9,2.9,0.001992,0.01992
"2015-02-17",10,10,10,10,0,0
"2015-02-18",2.5,2.5,1.7,1.7,0.0006,0.0015
"2015-02-19",1.7,2.5,1.7,2.5,0.006,0.0102
"2015-02-20",1.7,1.7,1.7,1.7,0,0
"2015-02-21",1.7,1.7,1.7,1.7,0,0
"2015-02-22",1.7,1.7,1.7,1.7,0.00336,0.005712
"2015-02-23",2.9,10,2.9,10,0.2407,0.4188
"2015-02-24",2.9,2.9,2.9,2.9,0,0
"2015-02-25",2.9,2.9,2.9,2.9,0,0
"2015-02-26",3.68,3.68,2.9,2.9,0.1158,0.3477
"2015-02-27",3,3,3,3,1.22,3.66
"2015-02-28",3,3,3,3,0,0
"2015-03-01",1.7,3,1.7,3,0.0043,0.00731
"2015-03-02",3.5,3.68,3.5,3.68,0.4999,1.75
"2015-03-03",3.5,3.5,3.5,3.5,0.03503,0.1226
"2015-03-04",3.5,3.5,3.5,3.5,0.02684,0.09392
"2015-03-05",3.5,3.5,3.5,3.5,0,0
"2015-03-06",3.5,3.5,3.5,3.5,0,0
"2015-03-07",1.95,1.95,1.7,1.7,0.04491,0.08758
"2015-03-08",3.36,3.36,1.95,1.95,0.4197,1.41
"2015-03-09",3.53,3.53,3.36,3.36,0.0225,0.07942
"2015-03-10",2.3,3.53,2.3,3.53,0.011,0.0253
"2015-03-11",2.3,2.3,2.3,2.3,0,0
"2015-03-12",4,4,3.5,3.5,0.00025,0.001
"2015-03-13",2.3,2.3,2.3,2.3,0.00704,0.01619
"2015-03-14",2.3,2.3,2.3,2.3,0,0
"2015-03-15",2.3,2.3,2.3,2.3,0,0
"2015-03-16",2.3,2.3,2.3,2.3,0,0
"2015-03-17",4,4,4,4,0.1578,0.5576
"2015-03-18",3.5,3.5,3.5,3.5,0.06874,0.2406
"2015-03-19",3.5,3.5,3.5,3.5,2.14,7.48
"2015-03-20",4,4,4,4,1.26,5.04
"2015-03-21",5.99,5.99,4,4,0.05919,0.1452
"2015-03-22",3.3,5,2.35,2.35,0.0631,0.1944
"2015-03-23",3.3,6.01,3.3,3.3,0.4388,1.74
"2015-03-24",5.16,6,4.93,5.17,0.4733,1.43
"2015-03-25",4.95,5.5,4.71,5.16,0.7095,2.94
"2015-03-26",4.78,5.15,4.65,4.95,0.02577,0.1371
"2015-03-27",5.1,5.1,4.69,4.78,0,0
"2015-03-28",4.8,5.1,4.65,5.1,0,0
"2015-03-29",4.5,4.65,4.28,4.28,0.32,0.768
"2015-03-30",4.16,4.5,3.85,4.5,0.4802,1.15
"2015-03-31",3.82,4.16,3.68,4.16,0.4922,1.2
"2015-04-01",4.41,4.66,3.82,3.82,0.48,1.15
"2015-04-02",4.35,4.66,4.35,4.41,0.486,1.17
"2015-04-03",4.33,4.35,4.01,4.35,0.4719,1.14
"2015-04-04",4.12,4.33,3.95,4.33,0.4939,1.19
"2015-04-05",4.13,4.24,4.03,4.12,0.2553,0.615
"2015-04-06",3.75,4.13,3.75,4.13,0.02,0.048
"2015-04-07",3.81,3.92,3.4,3.75,0.02,0.048
"2015-04-08",3.42,3.85,3.4,3.81,6.88,24.22
"2015-04-09",3.52,3.59,3,3.42,0.0898,0.2217
"2015-04-10",3.47,3.6,3.3,3.52,0.14,0.336
"2015-04-11",3.66,3.72,3.27,3.47,0.23,0.552
"2015-04-12",3.41,3.66,3.26,3.66,0.23,0.552
"2015-04-13",2.4,2.4,2.4,2.4,0.24,0.576
"2015-04-14",2.41,2.41,2.4,2.4,0.2442,0.588
"2015-04-15",5.9,5.9,0.4,0.4,0.2305,0.558
"2015-04-16",2.42,2.42,2.42,2.42,0.2533,0.6133
"2015-04-17",2.42,2.42,2.42,2.42,0.25,0.6053
"2015-04-18",2.41,3.4,2.41,2.42,0.2427,0.5884
"2015-04-19",2.41,6,2.41,2.41,2.65,9.55
"2015-04-20",2.41,2.41,2.41,2.41,0,0
"2015-04-21",2.41,2.41,2.41,2.41,0.24,0.5784
"2015-04-22",3.7,3.87,3.66,3.66,0.3536,0.9603
"2015-04-23",3.3,3.77,3.1,3.7,0.4106,1.15
"2015-04-24",3.15,3.5,3.15,3.3,0.2892,0.7388
"2015-04-25",3.05,3.15,3,3.15,0.4868,1.29
"2015-04-26",3.03,3.2,3,3.05,0.2907,0.809
"2015-04-27",2.95,3.15,2.85,3.03,0.2516,0.6117
"2015-04-28",2.97,2.97,2.9,2.95,0.2328,0.5686
"2015-04-29",3,3.16,2.9,2.97,0.4212,1.13
"2015-04-30",2.83,3.06,2.75,3,0.9812,2.54
"2015-05-01",2.87,2.93,2.75,2.83,0.26,0.671
"2015-05-02",2.72,2.87,2.67,2.87,0.2596,0.6749
"2015-05-03",2.85,3.05,2.65,2.72,0.5481,1.88
"2015-05-04",2.85,2.95,2.8,2.85,2.38,8.15
"2015-05-05",2.9,3,2.9,2.91,0.04009,0.001604
"2015-05-06",2.75,2.92,2.75,2.9,0,0
"2015-05-07",2.82,2.85,2.7,2.75,0,0
"2015-05-08",2.7,2.82,2.7,2.82,0.004805,0.004805
"2015-05-09",2.75,2.75,2.65,2.7,0,0
"2015-05-10",2.65,2.75,2.65,2.75,0.705,1.88
"2015-05-11",2.8,2.8,2.72,2.72,0,0
"2015-05-12",2.7,2.81,2.7,2.8,0.004796,0.007194
"2015-05-13",2.9,2.9,2.7,2.7,1.62,1.89
"2015-05-14",3,3,2.85,2.9,0.127,0.438
"2015-05-15",3.05,3.05,2.9,2.9,0,0
"2015-05-16",1.38,5.9,1.38,5.9,1.46,2.07
"2015-05-17",2.9,3.02,2.9,3.02,0,0
"2015-05-18",2.8,2.95,2.8,2.9,0.002,0.0028
"2015-05-19",2.95,2.95,2.8,2.8,2.02,3.03
"2015-05-20",2.8,2.95,2.8,2.95,0.006679,0.01585
"2015-05-21",2.95,2.95,2.8,2.8,1.33,3.25
"2015-05-22",2.85,2.95,2.85,2.85,0.01494,0.02115
"2015-05-23",2.85,2.93,2.85,2.85,2.54,6.39
"2015-05-24",2.77,2.92,2.65,2.85,0.5135,1.69
"2015-05-25",2.6,2.9,2.6,2.7,2.21,2.21
"2015-05-26",2.8,2.8,2.6,2.6,0,0
"2015-05-27",2.88,2.88,2.55,2.8,0.01337,0.04102
"2015-05-28",2.72,2.9,2.71,2.88,0,0
"2015-05-29",2.9,2.9,2.72,2.72,0.03831,0.08925
"2015-05-30",2.88,2.88,2.77,2.77,0,0
"2015-05-31",2.71,2.88,2.71,2.88,3.24,10.08
"2015-06-01",2.82,3.1,2.71,2.71,0,0
"2015-06-02",2.79,2.82,2.79,2.82,0.009341,0.02176
"2015-06-03",2.84,2.9,2.79,2.79,0.7028,2.07
"2015-06-04",2.82,2.97,2.71,2.84,0.5384,1.25
"2015-06-05",2.79,2.87,2.72,2.82,0,0
"2015-06-06",2.79,3,2.79,2.79,0,0
"2015-06-07",2.94,2.94,2.79,2.79,0.2905,0.7611
"2015-06-08",2.8,2.92,2.8,2.92,0,0
"2015-06-09",2.8,2.8,2.57,2.8,3.55,8.35
"2015-06-10",2.7,2.8,2.7,2.8,0.2238,0.8236
"2015-06-11",2.8,2.97,2.7,2.7,0,0
"2015-06-12",2.87,2.87,2.8,2.8,0.01483,0.001234
"2015-06-13",2.72,2.86,2.72,2.85,0.6056,1.03
"2015-06-14",2.69,2.77,2.69,2.72,0.0005055,0.001471
"2015-06-15",2.97,2.97,2.69,2.69,0,0
"2015-06-16",3.16,3.25,2.92,2.97,0.000499,0.001497
"2015-06-17",2.9,3.16,2.89,3.16,0.2516,0.4278
"2015-06-18",2.91,3,2.9,2.9,0.001039,0.003117
"2015-06-19",2.94,2.94,2.77,2.77,0.06498,0.1105
"2015-06-20",2.91,2.94,2.81,2.94,0,0
"2015-06-21",2.83,2.93,2.81,2.91,0.1897,0.3148
"2015-06-22",2.92,2.92,2.83,2.83,0.2048,0.3625
"2015-06-23",2.84,2.92,2.84,2.92,0.000462,0.0008178
"2015-06-24",2.87,2.92,2.84,2.84,0,0
"2015-06-25",2.88,3,2.86,2.87,0,0
"2015-06-26",2.92,2.94,2.74,2.88,0.01783,0.02143
"2015-06-27",2.8,2.93,2.7,2.92,0.07385,0.07017
"2015-06-28",2.71,2.85,2.71,2.8,0.05966,0.1056
"2015-06-29",2.85,2.85,2.61,2.71,0,0
"2015-06-30",2.8,2.93,2.63,2.85,0,0
"2015-07-01",2.85,2.85,2.67,2.8,2.05,4.11
"2015-07-02",2.9,2.95,2.85,2.85,0.009358,0.01678
"2015-07-03",3.08,3.1,2.9,2.9,0,0
"2015-07-04",2.95,3.16,2.93,3.08,0.1588,0.5762
"2015-07-05",3.19,3.19,2.95,2.95,1.03,3.6
"2015-07-06",3.19,3.19,3.19,3.19,0.01684,0.03364
"2015-07-07",2.91,3.19,2.91,3.19,0.0702,0.2068
"2015-07-08",2.91,3.19,2.75,2.91,0,0
"2015-07-09",3.75,4.5,2.91,2.91,3.1,13.27
"2015-07-10",3.8,4,3.74,3.75,0,0
"2015-07-11",4.47,4.47,3.8,3.8,0,0
"2015-07-12",3.53,4.47,3.53,4.47,0,0
"2015-07-13",3.5,3.8,3,3.53,0.002639,0.01557
"2015-07-14",3.71,4,3.5,3.5,0.002111,0.006123
"2015-07-15",3.39,4,3.39,3.71,0,0
"2015-07-16",3.35,3.89,3.35,3.37,0,0
"2015-07-17",3.53,4.01,3.35,3.35,0,0
"2015-07-18",3.71,3.98,3.53,3.53,0.0003457,0.0006153
"2015-07-19",3.63,3.77,3.63,3.71,0.07851,0.2016
"2015-07-20",3.83,3.83,3.63,3.63,0,0
"2015-07-21",3.75,3.83,3.62,3.83,0.0002097,0.001237
"2015-07-22",3.75,3.75,3.75,3.75,0,0
"2015-07-23",3.74,3.83,3.53,3.64,0,0
"2015-07-24",3.82,3.82,3.74,3.74,2.32,4.14
"2015-07-25",3.83,3.83,3.82,3.82,0.0003747,0.000667
"2015-07-26",3.54,3.83,3.54,3.83,0,0
"2015-07-27",3.7,3.7,3.54,3.54,0,0
"2015-07-28",3.65,3.7,3.63,3.7,0,0
"2015-07-29",3.63,3.79,3.63,3.65,0,0
"2015-07-30",3.65,3.65,3.63,3.63,0.003612,0.009332
"2015-07-31",3.65,3.83,3.65,3.65,0,0
"2015-08-01",3.7,3.72,3.65,3.65,0,0
"2015-08-02",3.59,3.7,3.59,3.7,0,0
"2015-08-03",3.83,3.83,3.59,3.59,0.5653,1.7
"2015-08-04",3.72,3.83,3.72,3.83,0.7063,2.04
"2015-08-05",3.53,3.59,3.53,3.59,0,0
"2015-08-06",3.35,3.53,3.35,3.53,0,0
"2015-08-07",3.19,3.35,3.19,3.35,0.00236,0.006135
"2015-08-08",3.13,3.19,3.13,3.19,0.00685,0.02127
"2015-08-09",3.12,3.22,3.1,3.13,0,0
"2015-08-10",3.3,3.3,3.12,3.12,1.25,3.95
"2015-08-11",3.15,3.3,3.14,3.3,0.1077,0.3417
"2015-08-12",3.15,3.7,3.15,3.15,0.05665,0.1731
"2015-08-13",3.15,3.56,3.15,3.15,0,0
"2015-08-14",3.15,3.16,3.15,3.15,0.00025,0.0006904
"2015-08-15",3.02,3.15,3,3.15,0.009879,0.02795
"2015-08-16",3.05,3.12,3.02,3.02,1.62,5.38
"2015-08-17",3.05,3.05,2.94,3.05,0.5843,1.69
"2015-08-18",2.67,3.05,2.67,3.05,3.51,8.74
"2015-08-19",2.81,2.81,2.62,2.67,0,0
"2015-08-20",2.84,2.84,2.1,2.1,1.56,4.34
"2015-08-21",2.89,2.95,2.75,2.81,0.5681,1.23
"2015-08-22",2.75,2.89,2.75,2.89,0.1656,0.4356
"2015-08-23",2.5,2.81,2.5,2.75,0.5482,1.43
"2015-08-24",2.79,2.79,2.27,2.5,2.37,5.39
"2015-08-25",2.51,2.79,2.51,2.79,3.08,7.77
"2015-08-26",2.67,2.79,2.51,2.51,4.36,10.8
"2015-08-27",2.51,2.67,2.51,2.67,0.877,1.76
"2015-08-28",2.56,2.56,2.56,2.56,0,0
"2015-08-29",2.57,2.57,2.57,2.57,0,0
"2015-08-30",2.57,2.65,2.53,2.57,0.8715,2.36
"2015-08-31",2.64,2.64,2.57,2.57,2.62,6.96
"2015-09-01",2.56,2.79,2.53,2.64,0,0
"2015-09-02",2.52,2.6,2.52,2.56,0,0
"2015-09-03",2.51,2.52,2.51,2.52,0.05322,0.1331
"2015-09-04",2.4,2.51,2.38,2.51,0.6028,1.22
"2015-09-05",2.49,2.61,2.48,2.61,0.00245,0.006372
"2015-09-06",2.43,2.53,2.43,2.49,0,0
"2015-09-07",2.38,2.43,2.23,2.43,0.009317,0.02277
"2015-09-08",1,1,0.0001,0.0001,1,2.5
"2015-09-09",2.38,2.55,2.38,2.55,0.0003827,0.0008037
"2015-09-10",2.12,2.6,2.12,2.6,0.0006084,0.001435
"2015-09-11",2.42,2.53,2.38,2.38,0.04318,0.09325
"2015-09-12",2.41,2.79,2.41,2.42,2.34,5.06
"2015-09-13",2.39,2.41,2.31,2.41,2.04,5.49
"2015-09-14",2.48,2.48,2.31,2.39,10.79,25.46
"2015-09-15",2.44,2.65,2.41,2.48,2.26,5.38
"2015-09-16",2.52,2.59,2.44,2.44,0.3549,0.8696
"2015-09-17",2.48,2.52,2.38,2.52,0.2906,0.6984
"2015-09-18",2.46,2.48,2.46,2.48,18.14,44.95
"2015-09-19",2.43,2.48,2.4,2.46,0.0002495,0.0005668
"2015-09-20",2.53,2.65,2.43,2.43,0.0024,0.005565
"2015-09-21",2.51,2.58,2.39,2.53,2.07,4.89
"2015-09-22",2.53,2.53,2.53,2.53,3.52,8.39
"2015-09-23",2.45,2.5,2.42,2.42,0,0
"2015-09-24",2.41,2.5,2.41,2.5,0,0
"2015-09-25",2.36,2.39,2.36,2.38,3.64,8.86
"2015-09-26",2.37,2.42,2.36,2.36,0.6997,1.68
"2015-09-27",2.42,2.43,2.36,2.37,23.06,55.81
"2015-09-28",2.42,2.45,2.36,2.36,0.09204,0.2211
"2015-09-29",2.41,2.42,2.41,2.42,0.01606,0.03783
"2015-09-30",2.34,2.41,2.3,2.41,0.3969,0.95
"2015-10-01",2.4,2.4,2.25,2.34,4.35,9.83
"2015-10-02",2.22,2.4,2.22,2.25,2.14,4.83
"2015-10-03",2.24,2.48,2.15,2.22,20.33,46.74
"2015-10-04",2.35,2.65,2.15,2.15,19.06,44.28
"2015-10-05",2.53,2.55,2.38,2.38,3.83,8.88
"2015-10-06",2.4,2.61,2.4,2.53,10.15,24.53
"2015-10-07",2.6,2.61,2.39,2.4,2.72,6.41
"2015-10-08",2.5,2.6,2.32,2.6,1.14,2.69
"2015-10-09",2.4,2.4,2.32,2.32,0.04993,0.1162
"2015-10-10",2.38,2.6,2.38,2.4,0.2084,0.4767
"2015-10-11",2.33,2.6,2.33,2.38,0.2066,0.4753
"2015-10-12",2.33,2.34,2.33,2.33,2.53,5.91
"2015-10-13",2.37,2.37,2.33,2.33,5.64,13.43
"2015-10-14",2.23,2.37,2.23,2.37,4.94,11.45
"2015-10-15",2.34,2.37,2.23,2.23,0.003123,0.007555
"2015-10-16",2.43,2.57,2.41,2.43,16.76,40.56
"2015-10-17",2.41,2.43,2.41,2.43,0,0
"2015-10-18",2.4,2.56,2.35,2.41,0.04765,0.1164
"2015-10-19",2.45,2.45,2.36,2.4,0.245,0.5906
"2015-10-20",2.43,2.46,2.32,2.45,11.36,26.61
"2015-10-21",2.44,2.44,2.25,2.43,17.81,43.09
"2015-10-22",2.32,2.44,2.32,2.44,0,0
"2015-10-23",2.26,2.26,2.15,2.24,3.83,9.12
"2015-10-24",2.25,2.36,2.16,2.26,5.46,12.46
"2015-10-25",2.13,2.26,2.13,2.25,10.42,22.46
"2015-10-26",2.04,2.18,2,2.13,0.3359,0.7489
"2015-10-27",2.13,2.17,2.03,2.17,0.00355,0.007611
"2015-10-28",2.36,2.4,2.03,2.06,16.02,36.83
"2015-10-29",2.52,2.69,2.3,2.36,4.44,10.74
"2015-10-30",2.28,2.66,2.28,2.52,3.02,7.2
"2015-10-31",2.41,2.76,2.26,2.26,1.43,3.49
"2015-11-01",2.53,2.53,2.3,2.45,3.09,7.76
"2015-11-02",2.61,2.76,2.36,2.53,190.54,467.52
"2015-11-03",2.57,2.61,2.27,2.61,0.0005915,0.001411
"2015-11-04",2.34,2.57,2.3,2.57,54.19,141.96
"2015-11-05",2.66,2.66,2.34,2.34,55.18,145.16
"2015-11-06",2.64,2.64,2.42,2.59,113.48,293.48
"2015-11-07",2.49,2.74,2.49,2.64,16.01,41.78
"2015-11-08",2.56,2.66,2.46,2.49,12.4,30.73
"2015-11-09",2.48,2.75,2.43,2.62,0.005374,0.01256
"2015-11-10",2.18,2.49,2.18,2.48,21.68,48.76
"2015-11-11",2.67,2.67,2.18,2.18,7.21,17.13
"2015-11-12",2.5,2.62,2.45,2.57,0.7227,1.7
"2015-11-13",2.55,2.75,2.54,2.67,0.4421,1.11
"2015-11-14",2.37,2.55,2.37,2.55,272.09,649.49
"2015-11-15",2.4,2.4,2.3,2.37,4.23,9.79
"2015-11-16",2.28,2.44,2.28,2.4,0.001484,0.003492
"2015-11-17",2.31,2.36,2.3,2.3,1.1,2.63
"2015-11-18",2.29,2.29,2.29,2.29,0,0
"2015-11-19",2.29,2.29,2.29,2.29,0,0
"2015-11-20",2.29,2.29,2.28,2.28,4.99,11.3
"2015-11-21",2.49,2.49,2.25,2.25,8.9,19.09
"2015-11-22",2.18,2.18,2.16,2.16,0,0
"2015-11-23",2.19,2.38,2.18,2.18,2.49,5.32
"2015-11-24",2.16,2.38,2.16,2.38,0.007588,0.01556
"2015-11-25",2.25,2.49,2.19,2.38,4.91,10.98
"2015-11-26",2.23,2.23,2.23,2.23,6.58,14.83
"2015-11-27",2.1,2.24,2.1,2.23,2.81,5.9
"2015-11-28",2.21,2.21,2.1,2.1,3.03,6.67
"2015-11-29",2.23,2.24,2.17,2.21,0.748,1.65
"2015-11-30",2.2,2.24,2.12,2.23,1.11,2.27
"2015-12-01",2.2,2.2,2.1,2.2,10.22,22.25
"2015-12-02",2.38,2.48,2.19,2.2,16.74,38.86
"2015-12-03",2.2,2.48,2.2,2.31,1.94,4.75
"2015-12-04",2.2,2.4,2.2,2.4,0.01053,0.02316
"2015-12-05",2.25,2.25,2.19,2.2,8.02,19.8
"2015-12-06",2,2.38,2,2.22,5.84,14.25
"2015-12-07",2.15,2.15,2.15,2.15,0.0111,0.02525
"2015-12-08",2.13,2.4,2.13,2.15,73.76,183.16
"2015-12-09",2.33,2.34,2.13,2.13,3.01,7.68
"2015-12-10",2.34,2.34,2.09,2.33,26.09,69.14
"2015-12-11",2.4,2.4,2.34,2.34,21.87,57.74
"2015-12-12",2.5,2.5,2.24,2.4,16.65,44.14
"2015-12-13",2.5,2.59,2.46,2.5,5.67,16.32
"2015-12-14",2.45,2.57,2.45,2.5,0,0
"2015-12-15",2.52,2.55,2.52,2.55,21.25,57.94
"2015-12-16",2.57,2.57,2.35,2.35,12.29,32.32
"2015-12-17",2.44,2.44,2.44,2.44,4.66,13.12
"2015-12-18",2.54,2.7,2.54,2.6,0.2928,0.8756
"2015-12-19",2.5,2.5,2.5,2.5,1.18,3.19
"2015-12-20",2.4,2.69,2.4,2.52,4.88,11.99
"2015-12-21",2.33,2.33,2.26,2.3,4.93,12.45
"2015-12-22",2.47,2.64,2.47,2.58,72.52,184.79
"2015-12-23",2.21,2.57,2.21,2.57,605.76,1624.46
"2015-12-24",2.51,3,2.5,2.75,130.7,359.26
"2015-12-25",2.65,2.65,2.55,2.57,2.51,7.95
"2015-12-26",2.38,2.38,2.38,2.38,0.01921,0.04863
"2015-12-27",2.33,2.33,2.33,2.33,0.06635,0.196
"2015-12-28",2.57,2.79,2.4,2.7,32.42,91.21
"2015-12-29",2.92,3.08,2.76,2.76,37.55,134.26
"2015-12-30",2.7,3.18,2.7,2.92,11.32,36.79
"2015-12-31",3.18,3.18,2.7,2.7,20.65,63.07
"2016-01-01",3,3,2.73,2.78,1.1,4.01
"2016-01-02",2.8,2.8,2.71,2.71,0.009266,0.02731
"2016-01-03",2.7,2.98,2.7,2.8,17.47,52.64
"2016-01-04",2.96,2.99,2.7,2.7,0.01271,0.03825
"2016-01-05",2.8,2.9,2.8,2.9,0.001059,0.003187
"2016-01-06",2.59,2.83,2.59,2.7,0.2961,1.02
"2016-01-07",2.64,2.95,2.64,2.75,10.19,35.25
"2016-01-08",2.49,3,2.49,2.64,10,32.51
"2016-01-09",2.95,2.95,2.2,2.28,52.86,162.82
"2016-01-10",2.46,2.95,2.38,2.95,1.01,3.44
"2016-01-11",2.55,2.59,2.52,2.57,96.22,332.8
"2016-01-12",2.39,2.55,2.39,2.55,0,0
"2016-01-13",2.95,2.95,2.75,2.75,165.18,556.75
"2016-01-14",3.5,3.65,3.22,3.65,14.75,53.5
"2016-01-15",3.5,4.1,3.22,3.5,64.08,248.47
"2016-01-16",5,5,3.5,3.5,65.87,289.4
"2016-01-17",4.75,5,4.15,5,723.96,3445.47
"2016-01-18",4.1,4.93,3.86,4.75,32.51,153.31
"2016-01-19",4.6,4.73,3.86,4.1,13.4,61.19
"2016-01-20",5,5,4.6,4.6,71.97,356.51
"2016-01-21",5.88,5.9,4.58,5,137.76,732.57
"2016-01-22",3.7,5.88,3.7,5.88,167.34,772.22
"2016-01-23",4.9,5.5,3.7,3.7,62.87,237.95
"2016-01-24",3.51,4.9,3.51,4.9,106.81,413.42
"2016-01-25",4.7,4.7,3.51,3.51,22.15,102.21
"2016-01-26",4.02,4.7,4.02,4.7,1.61,6.78
"2016-01-27",4.02,4.34,4.02,4.02,4.65,20.17
"2016-01-28",4.31,4.7,4.02,4.02,1.42,6.47
"2016-01-29",4.02,4.31,4.02,4.31,0.08247,0.5491
"2016-01-30",4.8,4.8,3.56,4.02,3.16,13.22
"2016-01-31",3.56,4.8,3.56,4.8,0.003168,0.01171
"2016-02-01",3.66,3.66,3.56,3.56,0.02994,0.1093
"2016-02-02",3.9,4.12,3.66,3.66,0.1274,0.4973
"2016-02-03",4.8,4.8,3.71,3.9,0.03797,0.1589
"2016-02-04",4.6,4.8,3.99,4.8,5.43,21.91
"2016-02-05",4,4.6,3.99,4.6,5.75,23
"2016-02-06",4.2,4.2,3.99,4,25,105.01
"2016-02-07",4.3,4.3,4.05,4.16,190.63,774.09
"2016-02-08",4.01,4.3,4.01,4.3,372.93,1495.46
"2016-02-09",4.08,4.09,3.85,4.01,29.57,114.71
"2016-02-10",3.25,4.11,3.25,4.08,136.06,486.79
"2016-02-11",3.8,4.16,3.25,3.25,63.49,224.05
"2016-02-12",3.61,3.92,3.61,3.8,99.87,372.1
"2016-02-13",3.7,3.92,3.61,3.61,7.13,27.85
"2016-02-14",4.09,4.1,3.61,3.7,76.26,301.85
"2016-02-15",3.7,4.09,3.7,4.09,306.53,1182.54
"2016-02-16",3.9,3.9,3.48,3.7,55.49,199.28
"2016-02-17",3.72,3.9,3.1,3.9,54.21,180.26
"2016-02-18",3.58,3.72,3.51,3.72,8.28,29.48
"2016-02-19",3.49,3.69,3.42,3.58,17.13,60.99
"2016-02-20",4.1,4.25,3.49,3.49,500.81,1974.08
"2016-02-21",4.22,4.22,3.79,4.1,2.52,10.61
"2016-02-22",3.78,4.22,3.78,4.22,29.6,112.46
"2016-02-23",4,4.19,3.71,3.78,51.7,206.72
"2016-02-24",3.48,4,3.4,4,301.17,1056.3
"2016-02-25",3.75,4,3.48,3.48,907.39,3449.55
"2016-02-26",4.05,4.05,3.75,3.75,30.11,120.43
"2016-02-27",4,4.1,3.81,4.05,42.82,168.69
"2016-02-28",4.04,4.04,3.82,4,28.87,113.48
"2016-02-29",3.99,4.05,3.85,4.04,120.53,471.4
"2016-03-01",3.84,4.03,3.83,3.99,67.43,265.47
"2016-03-02",4.6,4.6,3.8,3.84,193.8,783.9
"2016-03-03",3.98,5.5,3.83,4.6,195.35,897.59
"2016-03-04",4.71,5.5,3.98,3.98,46.63,225.88
"2016-03-05",4.9,5.05,4.36,4.71,56.67,272.59
"2016-03-06",4.28,4.9,4.28,4.9,61.62,280.6
"2016-03-07",4.57,4.59,3.96,4.28,9.6,40.68
"2016-03-08",4.27,4.89,4.26,4.57,34.21,153.38
"2016-03-09",4.78,5.2,4.27,4.27,107.42,538.43
"2016-03-10",5.05,5.3,4.78,4.78,56.25,289.8
"2016-03-11",5.32,5.34,4.9,5.05,92.09,470.89
"2016-03-12",5.45,6.02,5.26,5.32,401.55,2234.27
"2016-03-13",5.47,5.9,5.32,5.45,87.5,492.94
"2016-03-14",5.81,5.85,5.3,5.47,66.49,373.58
"2016-03-15",6.27,6.55,5.71,5.81,1898.67,11657.08
"2016-03-16",5.81,6.41,5.65,6.27,65.02,385.61
"2016-03-17",5.88,6.1,5.66,1,975.36,5715.14
"2016-03-18",6,6.1,5.88,5.88,681.03,4044.89
"2016-03-19",5.9,6.15,5.8,6,559.03,3385.77
"2016-03-20",6.2,6.4,5.9,5.9,1148.5,7192.79
"2016-03-21",6,6.22,5.9,6.2,903.44,5485.18
"2016-03-22",6.32,6.77,5.98,6,1262.73,8122.2
"2016-03-23",6.71,6.77,6.26,6.32,1128.32,7330.4
"2016-03-24",7.95,7.96,6.7,6.71,1788.62,12705.02
"2016-03-25",7.11,7.95,7,7.95,591.3,4262.77
"2016-03-26",7.16,7.35,6.8,7.11,660.86,4699.82
"2016-03-27",7.06,7.49,6.42,7.16,815.99,5593.12
"2016-03-28",6.93,7.24,6.9,7.06,736.14,5165.42
"2016-03-29",7,7.28,6.9,6.93,689.41,4807.94
"2016-03-30",6.98,7.05,6.72,7,583.32,4040.75
"2016-03-31",7.05,7.05,6.69,6.98,716.92,4922.28
"2016-04-01",7.13,7.19,6.97,7.05,975.76,7042.11
"2016-04-02",6.93,7.13,6.65,7.13,1178.88,7959.73
"2016-04-03",6.92,7.02,6.82,6.93,724.29,5009.17
"2016-04-04",7.22,7.42,6.92,6.92,839.27,6016.65
"2016-04-05",6.95,7.3,6.95,7.22,822.99,5837.49
"2016-04-06",7.01,7.09,6.89,6.95,750.41,5275.68
"2016-04-07",6.95,7.03,6.89,7.01,752.52,5238.08
"2016-04-08",6.6,7.03,6.28,6.95,1164.22,7901.43
"2016-04-09",6.55,7,6.13,6.6,939.9,6152.37
"2016-04-10",6.52,6.59,6.35,6.55,852.44,5519.34
"2016-04-11",6.39,6.54,6.27,6.52,1044.66,6748.98
"2016-04-12",6.56,6.58,6.39,6.39,1104.88,7203.09
"2016-04-13",6.42,6.58,6.36,6.56,875.45,5642.89
"2016-04-14",5.99,6.47,5.93,6.42,1261.28,7755.12
"2016-04-15",6.27,6.36,5.99,5.99,1378.49,8434.26
"2016-04-16",6.43,6.44,6.17,6.27,1138.44,7219.4
"2016-04-17",6.22,6.43,6.01,6.43,829.94,5123.08
"2016-04-18",6.4,6.44,6.11,6.22,1106.82,6960.77
"2016-04-19",6.2,6.49,6.2,6.4,1216.36,7840.98
"2016-04-20",6.2,6.38,6.2,6.2,1011.92,6387.56
"2016-04-21",6.29,6.37,6.11,6.2,990.88,6162.53
"2016-04-22",6.4,6.4,6.13,6.29,1013.23,6319.36
"2016-04-23",6.4,6.43,6.3,6.4,847.81,5419.05
"2016-04-24",6.19,6.38,6.1,6.4,1001.22,6247.8
"2016-04-25",5.95,6.19,5.73,6.19,881.52,5262.29
"2016-04-26",6.34,6.57,5.84,5.95,1069.84,6794.36
"2016-04-27",6.37,6.63,6.31,6.34,916.42,5861.34
"2016-04-28",6.6,6.66,6.35,6.37,964.68,6364.02
"2016-04-29",6.77,6.77,6.56,6.6,1039.09,6891.94
"2016-04-30",6.71,6.91,6.62,6.77,851.3,5758.46
"2016-05-01",6.82,6.85,6.64,6.71,582.72,3926.82
"2016-05-02",6.85,6.85,6.71,6.82,696.39,4733.4
"2016-05-03",6.87,6.88,6.75,6.85,703.13,4794.85
"2016-05-04",6.76,6.88,6.76,6.87,640.87,4373.84
"2016-05-05",6.59,6.81,6.59,6.76,938.88,6343.6
"2016-05-06",6.53,6.75,6.35,6.59,897.54,5919.22
"2016-05-07",6.57,6.76,6.48,6.53,849.82,5599.01
"2016-05-08",6.59,6.73,6.47,6.57,833.04,5495.19
"2016-05-09",6.75,6.75,6.5,6.59,838.06,5509.36
"2016-05-10",6.66,6.8,6.57,6.75,934.99,6280.66
"2016-05-11",6.73,6.85,6.63,6.66,799.73,5392.72
"2016-05-12",6.9,6.95,6.73,6.73,1139.97,7779.58
"2016-05-13",6.89,6.92,6.76,6.9,887.68,6107.11
"2016-05-14",7,7,6.86,6.89,985.51,6843.28
"2016-05-15",7.36,7.8,7,7,1140.9,8439.27
"2016-05-16",7.31,7.37,7.22,7.36,816.84,5942.29
"2016-05-17",7.31,7.32,7.24,7.31,997.61,7258.19
"2016-05-18",7.64,7.8,7.27,7.31,1247.42,9473.81
"2016-05-19",7.96,8.79,7.62,7.64,1421.95,11436.75
"2016-05-20",8.24,8.34,7.63,7.96,1298.99,9379.47
"2016-05-21",8.22,8.42,8.04,8.24,712.84,5849.11
"2016-05-22",8.1,8.3,8.1,8.22,169.97,1367.71
"2016-05-23",7.78,8.3,7.76,8.1,912.49,7223.56
"2016-05-24",7.55,7.85,7.38,7.78,979.25,7481.05
"2016-05-25",7.48,7.78,7.36,7.55,765.8,5737.22
"2016-05-26",7.4,7.54,7,7.48,1364.87,10026.27
"2016-05-27",7.49,7.82,7.28,7.4,995.21,7434.59
"2016-05-28",8,8.2,7.49,7.49,1209.15,9627.8
"2016-05-29",8.06,8.17,7.72,8,954.64,7578.71
"2016-05-30",8.11,8.47,7.92,8.06,1193.44,9700.31
"2016-05-31",8.05,8.2,7.92,8.11,995.78,8038.39
"2016-06-01",8.1,8.18,7.82,8.05,1028.76,8303.47
"2016-06-02",7.92,8.2,7.84,8.1,1272.64,10291.32
"2016-06-03",8.06,8.07,7.56,7.92,1407.81,11133.96
"2016-06-04",7.6,8.07,7.6,8.06,1838.25,14451.14
"2016-06-05",7.6,7.8,7.55,7.6,1401.09,10738.79
"2016-06-06",7.82,7.93,7.54,7.6,1229.91,9511.65
"2016-06-07",7.87,7.98,7.7,7.82,1144.36,9050.32
"2016-06-08",7.85,7.97,7.75,7.87,998.5,7830.1
"2016-06-09",8.07,8.07,7.8,7.85,924.51,7328.4
"2016-06-10",7.78,8,7.62,8.07,676.1,5265.45
"2016-06-11",7.42,7.92,7.36,7.78,4921.07,37397.24
"2016-06-12",7.55,7.74,7.36,7.42,2208.8,16964
"2016-06-13",7.93,8.05,7.5,7.55,2907.71,22514.13
"2016-06-14",8.11,8.33,7.9,7.93,1457.28,11936.47
"2016-06-15",8.45,8.45,8.02,8.11,1904.81,15844.61
"2016-06-16",8.24,8.77,8.1,8.45,3012.1,25685.27
"2016-06-17",8.02,8.42,8.02,8.24,1689.37,13993.4
"2016-06-18",7.82,8.63,7.79,8.02,10632.2,86911.98
"2016-06-19",8.08,8.1,7.8,7.82,5377.03,42519.9
"2016-06-20",7.6,8.24,7.6,8.08,2035.72,15895.1
"2016-06-21",7.51,7.9,7.5,7.6,2814.39,22035.03
"2016-06-22",7.3,7.67,6.87,7.35,1513.37,11076.47
"2016-06-23",7.06,7.54,6.84,7.51,2700.84,19473.9
"2016-06-24",6.79,7.15,6.56,7.06,3129.39,21572.28
"2016-06-25",6.7,7.08,6.7,6.79,1573.11,10863.24
"2016-06-26",7,7,6.56,6.7,1321.64,8964.17
"2016-06-27",7,7.3,6.82,7,1189.77,8509.57
"2016-06-28",6.97,7.02,6.8,7,1353.95,9382.83
"2016-06-29",7.05,7.14,6.85,6.97,1751.4,12301.75
"2016-06-30",7.14,7.2,7.01,7.05,1741.99,12481.17
"2016-07-01",7.1,7.42,7.09,7.14,1539.9,11087.66
"2016-07-02",7,7.37,6.92,7.1,1393.55,9864.6
"2016-07-03",6.92,7.16,6.9,7,1318.99,9222.64
"2016-07-04",6.83,7.05,6.83,6.92,1166.79,8085.24
"2016-07-05",6.96,7.16,6.83,6.83,1316.14,9196.83
"2016-07-06",7.04,7.1,6.7,6.96,1214.47,8431.88
"2016-07-07",7.38,7.38,6.97,7.04,1478.32,10518.65
"2016-07-08",7.28,7.4,7.05,7.38,1641.32,11876.97
"2016-07-09",7.39,7.48,7.23,7.28,1393.79,10248.88
"2016-07-10",7.89,7.91,7.39,7.39,1681.26,13147.48
"2016-07-11",7.84,8.2,7.8,7.89,1354.07,10810.99
"2016-07-12",7.88,8.08,7.6,7.84,1223.99,9540.44
"2016-07-13",7.86,7.93,7.75,7.88,1204.25,9407.54
"2016-07-14",7.94,8.25,7.74,7.86,1358.85,10727.39
"2016-07-15",8.15,8.25,7.92,7.94,1632.59,13286.14
"2016-07-16",8.07,8.23,7.9,8.15,1325.19,10817.74
"2016-07-17",8.07,8.29,8.04,8.07,1134.78,9232.92
"2016-07-18",8.4,8.49,8.07,8.07,2311.23,19368.14
"2016-07-19",8.4,8.49,8.23,8.4,1566.57,13104.76
"2016-07-20",8.8,8.8,8.3,8.4,2093.82,17787.3
"2016-07-21",9.33,9.49,8.8,8.8,1455.36,13505.98
"2016-07-22",9.15,9.43,8.99,9.33,1128.41,10355.84
"2016-07-23",9.18,9.35,8.98,9.15,1243.36,11454.13
"2016-07-24",8.95,9.26,8.59,9.18,1334.05,12056.29
"2016-07-25",8.59,9.14,8.51,8.95,2627.47,23442.68
"2016-07-26",9.03,9.14,8.58,8.59,1431.96,12839.17
"2016-07-27",9.26,9.35,9.12,9.29,110.13,1013.06
"2016-07-28",9.38,9.5,9.2,9.26,81.73,768.29
"2016-07-29",9.24,9.51,9.21,9.38,72.31,675.8
"2016-07-30",9.55,9.55,9.01,9.24,229.83,2138.5
"2016-07-31",9.5,10.99,9.29,9.03,1324.37,13105.15
"2016-08-01",9.75,10.2,8.74,9.5,2623.35,24814.51
"2016-08-02",9.03,9.53,8.83,9.75,2441.11,22463.2
"2016-08-03",9.33,9.5,9.03,9.03,1594.72,14987.11
"2016-08-04",9.58,9.61,9.25,9.33,1069.59,10147.47
"2016-08-05",10.5,10.5,9.49,9.58,1639.32,16119.75
"2016-08-06",10.23,10.54,10.17,10.5,1478.64,15540.77
"2016-08-07",10.45,10.47,10,10.23,1315.54,13655.62
"2016-08-08",10.1,10.56,10.07,10.45,1956.75,20485.07
"2016-08-09",10.5,10.5,10.07,10.1,1633.77,17015.69
"2016-08-10",10.95,10.95,10.25,10.5,2226.83,23730.36
"2016-08-11",12.6,12.72,10.5,10.95,2314.32,26867.18
"2016-08-12",12.8,13.5,12.07,12.6,2906.44,36950.22
"2016-08-13",14,15.1,12.74,12.8,5066.75,70501.94
"2016-08-14",13,15,12.47,14,3278.45,44271.2
"2016-08-15",13.1,13.33,11.6,13,2774.61,33512.04
"2016-08-16",12.26,13.1,12.25,13.1,2240.47,27994.41
"2016-08-17",13.99,14,12.19,12.26,3841.99,49576.48
"2016-08-18",13.65,14.75,12.96,13.99,3376.65,46682.71
"2016-08-19",12.85,13.85,12.7,13.65,2554.68,33869.59
"2016-08-20",13.2,13.65,12.85,12.85,2013.82,26686.11
"2016-08-21",13.72,14.2,12.97,13.2,2645.76,36950.34
"2016-08-22",13.1,14.19,12.55,13.72,2829.14,37750.14
"2016-08-23",13.34,13.49,12.9,13.1,1229.52,16288.64
"2016-08-24",12.4,13.46,12.2,13.34,2715.32,34695.59
"2016-08-25",12.55,12.71,11.97,12.4,1668.47,20727.64
"2016-08-26",12.57,12.83,12.15,12.55,4663.87,58998.97
"2016-08-27",12.1,12.89,12.1,12.57,4444.32,55882.14
"2016-08-28",11.7,12.6,10.85,12.1,5104.77,60197.22
"2016-08-29",11.71,11.96,11.22,11.7,1549.25,17975.4
"2016-08-30",11.59,12.24,11.42,11.71,4845.03,57771.22
"2016-08-31",11.29,11.72,11.29,11.59,2731.57,31676.12
"2016-09-01",11.4,11.52,11.18,11.29,1626.06,18541.33
"2016-09-02",11.15,11.44,11,11.4,3514.98,39665.71
"2016-09-03",11.44,11.44,10.55,11.15,2676.88,29770.1
"2016-09-04",11.26,11.75,11.1,11.44,1842.2,20945.08
"2016-09-05",10.95,11.3,10.95,11.26,1365.9,15224.1
"2016-09-06",11.08,11.22,10.81,10.95,1302.37,14338.04
"2016-09-07",11.32,11.51,11.01,11.08,1503.33,17006.85
"2016-09-08",11.23,11.55,11.01,11.32,1444.39,16399.97
"2016-09-09",11.12,11.3,10.9,11.23,1272.89,14200.66
"2016-09-10",11.25,11.47,11.03,11.12,1666.53,18833.9
"2016-09-11",12.2,12.95,11.07,11.25,2994.73,35606.69
"2016-09-12",12.3,12.45,12.13,12.2,1207.2,14858.4
"2016-09-13",12.75,13.03,12.3,12.3,2040.84,26184.77
"2016-09-14",12.3,12.82,12.28,12.75,1396.68,17647.85
"2016-09-15",11.9,12.48,11.77,12.3,1351.64,16470.42
"2016-09-16",11.82,12.1,11.73,11.9,1375.44,16306.28
"2016-09-17",11.79,11.95,11.77,11.82,1146.53,13561.66
"2016-09-18",11.6,11.84,11.51,11.79,1294.2,15115.54
"2016-09-19",11.4,11.69,11.4,11.6,2869.07,32715.11
"2016-09-20",11.58,11.85,11.3,11.4,1188.79,13653.32
"2016-09-21",11.58,11.7,11.45,11.58,1239.94,14346.17
"2016-09-22",11.59,11.7,11.52,11.58,1391.89,16140.87
"2016-09-23",11.45,11.7,11.45,11.59,1069.86,12377.81
"2016-09-24",11.54,11.65,11.35,11.45,943.74,10868.58
"2016-09-25",11.58,11.65,11.44,11.54,1024.81,11817.29
"2016-09-26",11.7,11.7,11.44,11.58,1172.86,13511.39
"2016-09-27",11.61,11.74,11.48,11.7,1016.64,11806.96
"2016-09-28",11.81,12.1,11.55,11.61,1600.55,18810.96
"2016-09-29",12.05,12.27,11.73,11.81,1936.48,23199.72
"2016-09-30",11.7,12.11,11.6,12.05,1278.84,15200.55
"2016-10-01",11.58,11.83,11.56,11.7,1064.91,12467.74
"2016-10-02",11.65,12.28,11.62,11.58,1540.77,18470.21
"2016-10-03",11.92,12,11.6,11.65,2128.34,25218.11
"2016-10-04",11.9,11.96,11.77,11.92,1238.32,14742.04
"2016-10-05",11.91,12.09,11.85,11.9,1802.66,22599.52
"2016-10-06",11.85,11.98,11.78,11.91,1484.97,17637.6
"2016-10-07",11.77,11.97,11.75,11.85,1135.63,13457.18
"2016-10-08",11.76,11.89,11.56,11.77,1579.6,18499.11
"2016-10-09",11.6,11.76,11.59,11.76,1216.6,14213.22
"2016-10-10",11.56,11.77,11.46,11.6,1365.34,15954.52
"2016-10-11",11.47,11.83,11.4,11.56,1840.14,21350.83
"2016-10-12",11.53,11.59,11.42,11.47,1070.61,12318.77
"2016-10-13",11.5,11.65,11.43,11.53,1326.21,15288.82
"2016-10-14",11.22,11.56,11.13,11.5,2019.67,22981.76
"2016-10-15",10.91,11.37,10.91,11.22,2328.53,25971.94
"2016-10-16",10.68,10.95,10.59,10.91,1370.31,14705.62
"2016-10-17",10.22,10.75,10,10.68,1958.48,20317.1
"2016-10-18",10.46,10.68,10.1,10.22,1138.22,11651.51
"2016-10-19",10.76,10.85,10.31,10.46,1228.53,13090.92
"2016-10-20",10.6,10.77,10.48,10.76,1577.45,16812.43
"2016-10-21",10.3,10.75,10.25,10.6,1884.55,19811.89
"2016-10-22",9.86,10.52,9.84,10.3,3961.52,40298.08
"2016-10-23",9.92,10.23,9.79,9.86,2196.31,21896.09
"2016-10-24",9.36,9.98,9.1,9.92,2247.92,21610.17
"2016-10-25",9.28,9.61,8.97,9.36,3165.58,29174.63
"2016-10-26",9.5,9.88,9.07,9.28,2876.76,27429.21
"2016-10-27",9.12,9.67,9.1,9.5,1604.95,15010.51
"2016-10-28",8.47,9.62,7.53,9.12,5976.77,51086.69
"2016-10-29",9.47,9.58,8.46,8.47,1799.73,16326.82
"2016-10-30",9.03,9.69,8.79,9.47,2794.84,26390.58
"2016-10-31",9.06,9.2,8.56,9.03,3772.1,33896.43
"2016-11-01",9.01,9.35,8.68,9.06,3282.43,29551.83
"2016-11-02",8.84,9.36,8.81,9.01,4916.47,44720.41
"2016-11-03",9.1,9.24,8.47,8.84,3361.32,30368.96
"2016-11-04",9.16,9.17,8.91,9.1,1873.54,16959.65
"2016-11-05",9.23,9.47,9.01,9.16,3260.7,30258.46
"2016-11-06",9.73,9.76,9.24,9.23,2314.25,21885.95
"2016-11-07",9.63,10.42,9.58,9.73,5311.1,53190.26
"2016-11-08",9.7,9.89,9.29,9.63,3367.27,32359.11
"2016-11-09",9.57,9.75,9.5,9.7,1969.81,18926.44
"2016-11-10",9.65,9.75,9.38,9.57,1743.96,16623.43
"2016-11-11",9.58,9.83,9.37,9.65,4845.06,46891.75
"2016-11-12",9.43,9.76,9.31,9.58,2839.46,27046.59
"2016-11-13",9.6,9.7,9.46,9.43,1756.7,16813.34
"2016-11-14",9.5,9.72,9.48,9.6,1486.66,14278.22
"2016-11-15",9.29,9.6,8.96,9.5,3070.13,28669.56
"2016-11-16",9.11,9.39,9.03,9.29,1259.82,11520.58
"2016-11-17",8.9,9.17,8.71,9.11,2139.63,19204.23
"2016-11-18",8.48,8.88,8.3,8.9,5679.4,48763.58
"2016-11-19",8.5,8.64,8.32,8.48,1642.32,13909.07
"2016-11-20",8.54,8.64,8.35,8.5,1600.56,13656.22
"2016-11-21",8.67,8.86,8.48,8.54,1871.61,16280.43
"2016-11-22",8.52,8.72,8.51,8.67,1539.56,13212.55
"2016-11-23",9.04,9.13,8.34,8.52,3263,28681.53
"2016-11-24",9.01,9.17,8.72,9.04,3087.05,27689.94
"2016-11-25",8.98,9.07,8.74,9.01,1505.19,13456.99
"2016-11-26",9.01,9.08,8.76,8.98,2004.13,17964.98
"2016-11-27",9,9.08,8.89,9.01,1368.02,12270.65
"2016-11-28",8.82,9,8.74,9,1430.8,12620.37
"2016-11-29",8.96,8.96,8.72,8.82,1052.62,9319.93
"2016-11-30",8.63,8.93,8.49,8.96,1624.87,14097.65
"2016-12-01",8.57,8.83,8.5,8.63,1781.7,15352.49
"2016-12-02",8.72,8.76,8.54,8.57,1488.06,12894.63
"2016-12-03",8.66,8.9,8.6,8.72,1334.45,11680.12
"2016-12-04",8.55,8.85,8.4,8.66,2090.26,17885.18
"2016-12-05",8.6,8.68,8.41,8.55,1718.21,14677.53
"2016-12-06",8.63,8.78,8.51,8.6,1265.15,10922.61
"2016-12-07",8.67,8.8,8.55,8.63,1032.84,8931.26
"2016-12-08",8.68,8.76,8.57,8.67,1049.44,9114.55
"2016-12-09",8.84,8.87,8.65,8.68,1469.15,12935.32
"2016-12-10",9.34,9.59,8.72,8.84,2427.23,22179.72
"2016-12-11",9.08,9.54,9,9.34,1448.23,13442.48
"2016-12-12",9.24,9.35,8.96,9.08,3506.18,32467.35
"2016-12-13",9.25,9.39,9.18,9.24,1293.35,12043.96
"2016-12-14",9.35,9.44,9.08,9.25,1316.45,12195.26
"2016-12-15",9.75,9.87,9.19,9.35,2322.05,22229.81
"2016-12-16",9.52,9.85,9.44,9.75,1333.27,12811.68
"2016-12-17",9.84,9.88,9.5,9.52,2729.75,26633.16
"2016-12-18",10.14,10.47,9.8,9.84,4271.75,43361.93
"2016-12-19",10.17,10.55,10.09,10.14,5157.88,53132.14
"2016-12-20",9.84,10.22,9.67,10.17,3227.25,32063.53
"2016-12-21",9.7,9.85,9.11,9.84,3577.39,34261.21
"2016-12-22",9.31,9.76,9.1,9.7,4437.74,41817.17
"2016-12-23",9.68,9.98,9.31,9.31,3883.73,37570.03
"2016-12-24",9.85,9.95,9.56,9.68,2677.51,26170.35
"2016-12-25",9.71,10.04,9.68,9.85,1790.99,17691.03
"2016-12-26",9.53,9.92,9.43,9.71,3591.29,34881.45
"2016-12-27",9.86,10.17,9.48,9.53,4576.21,45352.67
"2016-12-28",10.56,10.97,9.66,9.86,5086.89,53030.27
"2016-12-29",10.92,11.32,10.42,10.56,5589.32,61099.05
"2016-12-30",11.13,11.24,10.47,10.92,1873.07,20801.59
"2016-12-31",11.06,11.33,10.76,11.13,2769.62,30755.08
"2017-01-01",11.62,11.74,10.99,11.06,3328.01,38156.95
"2017-01-02",12.22,12.73,11.52,11.62,4906.42,60370.12
"2017-01-03",15.49,23.91,12.06,12.22,22284.23,341735.59
"2017-01-04",13.63,15.99,12.35,15.49,10862.71,155704.82
"2017-01-05",11.21,14.4,10.5,13.63,9966.18,124433.13
"2017-01-06",11.72,12.95,10.43,11.21,6367.71,74534.54
"2017-01-07",12.31,12.8,11.79,11.72,3545.93,43946.29
"2017-01-08",12.12,12.5,11.92,12.31,2347.8,28824.64
"2017-01-09",12.16,12.44,11.93,12.12,2374.23,29131.16
"2017-01-10",11.14,12.5,10.67,12.16,5999.97,69773.15
"2017-01-11",12.17,12.34,10.79,11.14,4691.19,54399.67
"2017-01-12",12.35,12.48,11.62,12.17,2859.91,34219.8
"2017-01-13",12.25,12.4,12.07,12.35,2028.04,24896.18
"2017-01-14",12.26,12.39,12.22,12.25,1595.22,19628.62
"2017-01-15",12.8,12.9,12.17,12.26,2159.81,26963.29
"2017-01-16",14.04,14.15,12.63,12.8,4883.54,66995.89
"2017-01-17",13.79,14.08,13.49,14.04,5040.01,69734.05
"2017-01-18",15.01,15.07,13.73,13.79,5611.71,82157.02
"2017-01-19",14.9,15.4,14.66,15.01,6285.49,95138.33
"2017-01-20",14.79,15.29,14.62,14.9,2250.15,33682.89
"2017-01-21",14.98,15.3,14.76,14.79,3166.47,47709.32
"2017-01-22",15.03,15.1,14.83,14.98,1833.11,27460
"2017-01-23",14.03,15.09,13.3,15.03,9569.28,135909.83
"2017-01-24",14.26,14.5,13.72,14.03,2961.95,41745.03
"2017-01-25",14.75,14.75,14.24,14.26,1992.4,28962.84
"2017-01-26",15.13,15.3,14.73,14.75,3326.57,50023.06
"2017-01-27",15.09,15.19,14.88,15.13,2763.14,41645.57
"2017-01-28",15.27,15.33,14.93,15.09,2259.19,34201.1
"2017-01-29",15.79,16.02,15.19,15.27,4392.89,69168.42
"2017-01-30",15.94,16.13,15.67,15.79,3297.05,52398.18
"2017-01-31",15.69,16.01,15.45,15.94,2853.16,44842
"2017-02-01",16.01,16.01,15.52,15.69,2414.1,38290.39
"2017-02-02",16.9,17.2,15.93,16.01,4862.51,81203.93
"2017-02-03",16.88,17.17,16.71,16.9,1976.04,33545.36
"2017-02-04",16.51,17.05,16.27,16.88,5320.13,89036.04
"2017-02-05",16.5,16.71,16.19,16.51,2465.77,40715.56
"2017-02-06",16.82,17.12,16.42,16.5,3093.31,52417.81
"2017-02-07",16.89,16.94,16.48,16.82,2347.11,39390.99
"2017-02-08",16.05,17.04,15.33,16.89,8295.05,133654.93
"2017-02-09",16.91,17.14,15.9,16.05,2768.06,45709.56
"2017-02-10",17.06,17.17,16.76,16.91,1575.65,26841.1
"2017-02-11",16.81,17.1,16.64,17.06,1214.99,20502.86
"2017-02-12",16.72,16.91,16.44,16.81,917.14,15374.74
"2017-02-13",18.04,18.28,16.6,16.72,3481.8,60683.81
"2017-02-14",19.39,19.52,17.59,18.04,5216.79,98106.55
"2017-02-15",19.27,19.74,18.85,19.39,4318.96,84089.77
"2017-02-16",19.75,19.84,18.99,19.27,5190.46,102063.58
"2017-02-17",21.07,21.32,19.62,19.75,10209.92,210927.14
"2017-02-18",22.22,23.49,20.94,21.07,14178.97,318317.76
"2017-02-19",21.17,23.39,20.59,22.22,8652.65,188208.34
"2017-02-20",20.86,21.62,20,21.17,8643.52,182001.85
"2017-02-21",21.5,21.93,20.5,20.86,7193.8,154431.01
"2017-02-22",24.42,24.67,21.47,21.5,11701.73,274792.17
"2017-02-23",25.52,29.32,23.01,24.42,21648.93,575687.51
"2017-02-24",26.6,27.32,23.11,25.52,19731.68,498180.04
"2017-02-25",27.64,27.86,25.34,26.6,12706.54,347012.97
"2017-02-26",27.92,28.5,27.29,27.64,12850.88,360323.86
"2017-02-27",32.43,33.77,27.64,27.92,31085.78,961649.43
"2017-02-28",41.4,47.97,32.01,32.43,89601.16,3566305.03
"2017-03-01",42.13,59.03,35.18,41.4,185573.81,8964121.88
"2017-03-02",47.25,51.29,38.01,42.13,83784.78,3826410.45
"2017-03-03",43.02,47.99,43.02,47.25,41434.11,1910460.33
"2017-03-04",42,45.04,39.01,43.02,32217.35,1345121.04
"2017-03-05",45.8,46.78,41.93,42,31625.6,1428412.94
"2017-03-06",45.41,46.42,42.6,45.8,21610.64,981918.99
"2017-03-07",41.33,45.55,41.29,45.41,18584.14,811950.23
"2017-03-08",50.39,53.04,40.54,41.33,69564.45,3394281.96
"2017-03-09",49.67,54.52,45.11,50.39,69846.94,3574286.39
"2017-03-10",72.56,73.98,48.86,49.67,142298.07,9185985.47
"2017-03-11",76.03,79.42,65.8,72.56,88517.21,6411202.37
"2017-03-12",74.64,80.97,70.18,76.03,76603.19,5825294.77
"2017-03-13",87.69,90.94,72.89,74.64,73974.35,6085817.8
"2017-03-14",96,100.62,84.62,87.69,129564.44,12432135.33
"2017-03-15",89.49,98.61,79.16,96,131496.81,11607605.44
"2017-03-16",98.52,99,81.75,89.49,92774.45,8454184.82
"2017-03-17",108.74,126.11,95.1,98.52,163510.68,17329417.55
"2017-03-18",108.59,114.86,97.89,108.74,85743.13,8954933.52
"2017-03-19",101.87,110.89,101.05,108.59,41708.05,4398180.38
"2017-03-20",98.08,105.95,90.92,101.87,89796.51,8726589.62
"2017-03-21",103.45,110.21,93.02,98.08,80605.7,8181640.73
"2017-03-22",102.43,105.07,100.61,103.45,22560.77,2275222.16
"2017-03-23",101.94,108.6,99.92,102.43,65849.43,6660359.52
"2017-03-24",94.99,103.14,92.4,101.94,43798.4,4212262.63
"2017-03-25",94.13,96.87,91.92,94.99,30069.2,2799712.86
"2017-03-26",84.99,94.09,77.87,94.13,108849.49,9199366.03
"2017-03-27",87.66,90.15,81.03,84.99,38906.51,3351067.14
"2017-03-28",84.76,87.81,83.04,87.66,33240.69,2806488.89
"2017-03-29",78.45,85.22,75.09,84.76,66411.48,5287856.54
"2017-03-30",72.4,78.61,60.44,78.45,124169.8,8655331.46
"2017-03-31",67.42,72.82,66.01,72.4,34032.37,2333375.29
"2017-04-01",56,70.08,53.34,67.42,103641.07,6403439.83
"2017-04-02",62.45,65.52,46.23,56,158815.86,9235203.63
"2017-04-03",68.64,72.05,57.46,62.45,87044.59,5778430.23
"2017-04-04",74.04,77.68,65.01,68.64,75813.92,5517418.64
"2017-04-05",66.06,74.09,63.62,74.04,48960.87,3370017.1
"2017-04-06",66.14,70.17,64.74,66.06,26608.93,1804603.76
"2017-04-07",67.24,69.95,65.73,66.14,19376.38,1326764.74
"2017-04-08",65.04,68.52,64.27,67.24,14507.55,969924.83
"2017-04-09",61.39,65.81,59.11,65.04,30582.44,1936821.23
"2017-04-10",60.87,62.8,59.64,61.39,30281.68,1871618.4
"2017-04-11",67.4,68.68,59.01,60.87,58194.28,3799122.54
"2017-04-12",72.81,77.19,65.72,67.4,66038.33,4786671.51
"2017-04-13",71.8,74.15,68.89,72.81,41014.41,2950496.91
"2017-04-14",74.71,78.25,69.12,71.8,32758.44,2469963.05
"2017-04-15",75.19,76.8,73.79,74.71,18529.83,1415891.4
"2017-04-16",75.44,76.8,73.74,75.19,14970.35,1147494.8
"2017-04-17",72.47,76.39,70.57,75.44,25628.89,1921298.6
"2017-04-18",72.34,75.36,72.13,72.47,13668.48,1039570.78
"2017-04-19",71.04,72.8,70.09,72.34,14006.22,1028322.3
"2017-04-20",70.84,72.98,70.21,71.04,14866.32,1112187.72
"2017-04-21",70.96,72.45,70.31,70.84,10607.96,790986.94
"2017-04-22",70.24,71.8,69.68,70.96,11962.7,887810.55
"2017-04-23",71.63,71.68,69.22,70.24,12457.69,921682.71
"2017-04-24",71.2,72.87,70.75,71.63,12345.69,933409.29
"2017-04-25",71.31,71.64,69.81,71.2,16075.11,1178753.47
"2017-04-26",77.71,79.7,70.06,71.31,45237.56,3574343.6
"2017-04-27",78.55,80.23,74.68,77.71,27394.94,2218295.83
"2017-04-28",93.07,98.92,78.39,78.55,95228.03,9196030.44
"2017-04-29",89.36,95.74,87.15,93.07,30271.61,2921458.85
"2017-04-30",84.77,93.67,81.33,89.36,46176.7,4338179.8
"2017-05-01",83.73,86.89,79.78,84.77,31653.12,2854593.27
"2017-05-02",85.59,88.08,81.36,83.73,33587.91,3055205.86
"2017-05-03",86.45,93.5,82.84,85.59,59474.54,5622094.44
"2017-05-04",92.55,98.45,86.52,86.45,54685.04,5473813.99
"2017-05-05",94.38,96.52,91.24,92.55,16852.77,1653372.53
"2017-05-06",100.93,105.8,91.81,94.38,49585.63,5083369.11
"2017-05-07",95.87,101.82,92.05,100.93,32796.49,3278683.45
"2017-05-08",86.73,98.26,78.27,95.87,53513,4770114.18
"2017-05-09",87.65,92.14,85.14,86.73,15562.52,1422721.13
"2017-05-10",88.63,90.66,86.65,87.65,12684.16,1158432.15
"2017-05-11",85.23,90.62,82.64,88.63,15647.76,1388110.7
"2017-05-12",86.99,88.31,81.46,85.23,16018.76,1394631.82
"2017-05-13",87.28,89.8,86.28,86.99,5864.87,524652.16
"2017-05-14",88.75,88.82,79.89,87.28,20932.04,1805422.87
"2017-05-15",83.32,88.99,81.94,88.75,13363.71,1156055.63
"2017-05-16",81.85,84.88,76.48,83.32,30714.53,2572808.25
"2017-05-17",87.19,87.89,80.46,81.85,19750.06,1723119.39
"2017-05-18",96.14,100.04,84.43,87.19,48697.54,4587375.34
"2017-05-19",97.39,104.12,95.91,96.14,28384.64,2896280.96
"2017-05-20",99.85,101.83,95.51,97.39,21709.65,2152572.68
"2017-05-21",119.34,147.68,95.77,99.85,159568.63,19157543.41
"2017-05-22",131.8,142.05,115.86,119.34,57795.27,7622191.73
"2017-05-23",142.5,152.2,131.8,131.8,71333.43,10368026.32
"2017-05-24",115.71,145.14,113.73,142.5,73226.53,9608759.29
"2017-05-25",108.95,137.94,102.58,115.71,40583.09,4878280.24
"2017-05-26",96.58,116.56,81.06,108.95,57667.06,5550413.52
"2017-05-27",104.97,114.71,96.51,96.51,31427.77,3306402.78
"2017-05-28",114.1,116.56,102.74,104.97,28998.3,3198488.38
"2017-05-29",119.19,125.65,111.45,114.1,37405.36,4412151.51
"2017-05-30",132.69,139.53,114.99,119.19,41642.91,5343123.32
"2017-05-31",133.53,144.53,129.01,132.69,34033.8,4651502.72
"2017-06-01",142.91,142.96,132.32,133.53,19951.6,2743302.2
"2017-06-02",140.9,145.88,138.87,142.91,14064.89,2001939.96
"2017-06-03",141.66,142.16,137.85,140.9,9680.45,1353203.71
"2017-06-04",143.89,143.95,139.46,141.66,16028.73,2262017.85
"2017-06-05",140.87,144.59,128.75,143.89,48908.03,6824769.82
"2017-06-06",138.41,149.8,133.13,140.87,34613.27,5003138.44
"2017-06-07",141.22,143.78,136.3,138.41,11326.26,1592443.77
"2017-06-08",144.86,146.54,139.73,141.22,14973.87,2184948.77
"2017-06-09",148.47,150.33,143.48,144.86,18680.5,2747721.03
"2017-06-10",181.73,196.79,148.01,148.47,111391.04,20168207.15
"2017-06-11",167.8,191.69,150.54,181.73,56150.32,9587165.38
"2017-06-12",180.21,181.24,166.51,167.8,30227.63,5336909.83
"2017-06-13",163.26,190.76,154.54,180.21,60057.41,10206940.26
"2017-06-14",161.08,165.54,142.74,163.26,37316.85,5531541.82
"2017-06-15",162.18,166.21,155.12,161.08,17318.9,2750751.48
"2017-06-16",175.27,181.98,158.46,162.18,38718.38,6765618.37
"2017-06-17",187.06,190.56,170.17,175.27,30549.45,5497646.58
"2017-06-18",194.5,198.63,185.18,187.06,42120.83,8172960.87
"2017-06-19",188.17,196.67,176.16,194.5,24657.12,4696461.43
"2017-06-20",178.96,196.18,172.71,188.17,22007.61,4057910.48
"2017-06-21",180.85,185.56,176.69,178.96,13827.71,2499880.48
"2017-06-22",184.69,189.03,179.84,180.85,10672.86,1971365.2
"2017-06-23",177.99,185.37,174.98,184.69,11784.23,2113730.54
"2017-06-24",169.59,180.72,163.79,177.99,16508.87,2778871.34
"2017-06-25",160.72,172.13,140.26,169.59,29990.32,4583850.65
"2017-06-26",172.98,173.08,150.71,160.72,24172.39,3797449.33
"2017-06-27",179.62,184.35,168.47,172.98,23254.7,4132571.43
"2017-06-28",172.13,181.59,171.74,179.62,21603.24,3765490.31
"2017-06-29",173.7,179.39,171.41,172.13,21017.08,3720903.96
"2017-06-30",162.01,177.54,159,173.7,15526.2,2610678.06
"2017-07-01",169.78,171.37,159.11,162.01,16785.9,2780010.44
"2017-07-02",178.55,181.05,166.42,169.78,21028.05,3680356.59
"2017-07-03",181.4,186.35,176.96,178.55,19694.83,3601683.93
"2017-07-04",204.92,209.24,178.02,181.4,56009.5,11075155.43
"2017-07-05",207.71,222,198.19,204.92,58509.07,12364584.34
"2017-07-06",190.59,208.33,185.47,207.71,35238.01,6873223.83
"2017-07-07",208.1,208.48,175.66,190.59,30690.29,6085097.2
"2017-07-08",195.49,209.98,195.24,208.1,20954.71,4247601.33
"2017-07-09",174.07,198.41,168.56,195.49,35639.41,6553855.02
"2017-07-10",162.62,179.12,156.51,174.07,45153.25,7394960.08
"2017-07-11",177.73,179.02,157.67,162.62,28378.64,4867059.25
"2017-07-12",167.74,180.54,165.57,177.73,24955.99,4296896.98
"2017-07-13",159.51,173.47,154.9,167.74,27812.33,4523117.42
"2017-07-14",141.88,161.7,139.66,159.51,39573.38,5812805.43
"2017-07-15",131.35,145.91,118.81,141.88,63915.75,8363846.66
"2017-07-16",149.99,150.65,131.35,131.35,38283.22,5464044.24
"2017-07-17",154.61,163.14,144.39,149.99,32977.66,5103146.16
"2017-07-18",153.52,169.31,151.69,154.61,23485.65,3794440.38
"2017-07-19",182.7,191.94,153.52,153.52,69795.3,12743123.97
"2017-07-20",182.04,191.2,177.56,182.7,24589.15,4653933.46
"2017-07-21",190.17,190.42,180.34,182.04,22214.61,4239616.99
"2017-07-22",188.71,191.48,184.75,190.17,20146.75,3859191.65
"2017-07-23",201.48,212.04,183.46,188.71,61664.35,12635651.58
"2017-07-24",193.45,208.32,179.19,201.48,51498.12,10144686.67
"2017-07-25",192.22,204.6,185.71,193.45,28430.1,5493107.14
"2017-07-26",193.71,199.4,190.22,192.22,20911.96,4067354.38
"2017-07-27",184.58,197.69,179.97,193.71,24301.85,4563945.32
"2017-07-28",185.5,186.73,168.29,184.58,29988.88,5287873.65
"2017-07-29",171.41,188.29,170.19,185.5,21082.16,3724980.58
"2017-07-30",175.72,178.86,170.4,171.41,23227.69,4043191.36
"2017-07-31",184.04,185.89,174.37,175.72,36817.7,6623496.84
"2017-08-01",181.6,198.06,178.18,184.04,17192.55,3145253.35
"2017-08-02",187.64,190.66,177.37,181.6,20991.67,3870235.33
"2017-08-03",187.09,191.71,184.8,187.64,17832.59,3366678.06
"2017-08-04",192,196.4,183.44,187.09,29712.47,5674366.75
"2017-08-05",188.77,194.24,187.03,192,17499.96,3348779.74
"2017-08-06",196.64,199.5,186.21,188.77,26162.65,5071813.83
"2017-08-07",203.31,204.33,192.93,196.64,18416.92,3653101.36
"2017-08-08",198.94,206.28,193.21,203.31,21294.67,4246938.05
"2017-08-09",201.01,205.87,195,198.94,17954.48,3622625.4
"2017-08-10",205.66,208.41,198.26,201.01,17917.86,3651608.71
"2017-08-11",204.29,210.39,200.62,205.66,18973.47,3908100.02
"2017-08-12",196.9,207.59,187.07,204.29,27790.54,5529370.91
"2017-08-13",198.74,203.18,194.08,196.9,21334.25,4238297.21
"2017-08-14",202.64,204.76,190.63,198.74,25867.51,5137490.19
"2017-08-15",231.08,234.5,197.78,202.64,41896.15,9215376.88
"2017-08-16",234.74,261.7,228.47,231.08,65448.85,16148445.68
"2017-08-17",222.63,239.59,217.13,234.74,21769.05,4995901.25
"2017-08-18",286.58,318.3,222.56,222.63,90699.79,25472364.19
"2017-08-19",291.51,318.68,283.76,286.58,36909.39,11139950.41
"2017-08-20",281.22,299.06,275.8,291.51,24216.55,5409807.11
"2017-08-21",291.76,300.61,261.03,281.22,32427.2,9191661.26
"2017-08-22",292.46,297.48,286.68,291.74,19692.95,5764876.52
"2017-08-23",313.34,313.41,290.56,292.46,19724.06,5943351.86
"2017-08-24",314.96,319.82,306.21,313.34,23127.32,7258765.62
"2017-08-25",396.74,411.76,314.22,314.96,62984.44,23052661.32
"2017-08-26",362.9,398.07,355.84,396.74,29333.76,10960226.13
"2017-08-27",356.56,369.56,347.91,362.9,21045.25,7511719.93
"2017-08-28",360.1,368.96,352.72,356.56,21446.8,7727693.33
"2017-08-29",371.61,374.95,358.43,360.1,17638.51,6488913.01
"2017-08-30",380.77,383.22,369.39,371.61,13130.32,4927009.32
"2017-08-31",395.46,395.86,375.96,380.77,24060.81,9302797.37
"2017-09-01",348.09,400.72,326.69,395.46,40172.97,14449624.06
"2017-09-02",356.27,373.64,333.87,348.09,27227.44,9645202.63
"2017-09-03",313.65,357.8,296.03,356.27,36878.3,11934718.12
"2017-09-04",326.74,333.78,281.85,313.65,40743.1,12438297.25
"2017-09-05",349.76,352.48,324.96,326.74,20459.74,6952699.63
"2017-09-06",346.98,350.34,333.46,349.76,17635.63,6044963.48
"2017-09-07",330.89,371.91,311.94,346.98,41882.65,14197400.43
"2017-09-08",324.84,335.08,312.85,330.89,22505.66,7310575.62
"2017-09-09",324.26,329.01,296.21,325.42,29242.76,9139370.73
"2017-09-10",317.75,333.43,315.56,324.26,23049.6,7423311.92
"2017-09-11",326.59,330.22,317.62,318.41,25878.49,8428432.99
"2017-09-12",298.96,326.59,284.57,326.59,28873.46,8674149.92
"2017-09-13",240.08,301.74,238.71,298.96,44966.32,11821528.93
"2017-09-14",285.56,300.16,220.65,240.08,53774.49,13901624.19
"2017-09-15",300.27,304.69,277.43,285.56,24589.25,7232040.99
"2017-09-16",312.09,317.04,277.77,300.27,28249.9,8426521.68
"2017-09-17",335.58,339.45,312.03,312.09,30001.48,9897141.28
"2017-09-18",325.95,336.68,313.09,335.58,23010.15,7463678.51
"2017-09-19",342.58,350.16,315.94,325.95,35004.85,11814804.75
"2017-09-20",329.85,369.95,320.66,342.58,70692.63,24401176.02
"2017-09-21",342.61,357.38,328.06,329.85,39286.74,13452395.11
"2017-09-22",351.08,359.12,338.27,342.61,25792.61,9002742.96
"2017-09-23",329.2,357.69,327.68,351.08,36386.26,12477855.89
"2017-09-24",348.22,350.91,328.79,329.2,31106.94,10656214.05
"2017-09-25",341.7,354.15,338.97,348.22,19511.77,6726823.81
"2017-09-26",350.51,357.66,338.17,341.7,25715.74,8897001.47
"2017-09-27",342.36,365.38,336.34,350.51,26640.29,9194526.07
"2017-09-28",328.7,344.18,319.74,342.36,31997.25,10504550.94
"2017-09-29",329.58,333.94,328.15,328.7,17321.84,5740463.55
"2017-09-30",317.01,330.82,315.89,329.58,17000.85,5463844.7
"2017-10-01",307.98,322.06,305.29,317.01,17563.42,5529365.43
"2017-10-02",294.5,310.08,288.66,307.98,26893.23,8017155.7
"2017-10-03",303.32,317.21,294.17,294.5,33253.42,10177586.86
"2017-10-04",305.35,307.8,293.16,303.32,24142.19,7268075.26
"2017-10-05",305.95,312.71,303.1,305.35,18965.96,5823721.82
"2017-10-06",311.52,315.15,301.9,305.95,17467.2,5375961.67
"2017-10-07",301.97,317.12,301.22,311.52,21892,6788832.86
"2017-10-08",282.33,301.97,270.1,301.97,42025.42,12097211.9
"2017-10-09",290.93,296.11,279.24,282.33,26105.46,7520877.23
"2017-10-10",298.21,301.17,286.19,290.93,17388.83,5112713.01
"2017-10-11",290.81,298.6,288.46,298.21,19293.81,5668887.59
"2017-10-12",308.82,309.63,287.28,290.81,40248.95,12112187.1
"2017-10-13",316.35,319.26,304.42,308.82,27483.56,8602112.17
"2017-10-14",308.89,317.26,292.36,316.35,33718.96,10246336.65
"2017-10-15",302.16,311.96,300.69,308.81,28274.36,8641865.07
"2017-10-16",299.48,302.7,296.19,301.96,33335.21,10009981.66
"2017-10-17",296.19,300.32,277.3,299.61,28031.47,8089592.47
"2017-10-18",293.7,299.02,290.27,296.28,23392.16,6876876.17
"2017-10-19",287.54,300.56,286.28,293.98,28867.88,8447337.08
"2017-10-20",276.66,290.01,269.27,287.47,28214.01,7920873.42
"2017-10-21",273.86,283.23,262.99,276.7,36022.42,9827540.78
"2017-10-22",279.39,288.85,261.2,273.64,32869.18,8995661.98
"2017-10-23",293.99,300.31,270.96,279.46,31813.86,9228850.19
